ILOC_CODE_2021,Psn_15_y_over_Indig_M,Psn_15_y_over_Indig_F,Psn_15_y_over_Indig_P,Psn_15_y_over_NonInd_M,Psn_15_y_over_NonInd_F,Psn_15_y_over_NonInd_P,Psn_15_y_over_Ind_s_nsM,Psn_15_y_over_Ind_s_nsF,Psn_15_y_over_Ind_s_nsP,Psn_15_y_over_TotM,Psn_15_y_over_TotF,Psn_15_y_over_TotP,In_LF_Emp_Indig_M,In_LF_Emp_Indig_F,In_LF_Emp_Indig_P,In_LF_Emp_NonInd_M,In_LF_Emp_NonInd_F,In_LF_Emp_NonInd_P,In_LF_Emp_IndSt_nsM,In_LF_Emp_IndSt_nsF,In_LF_Emp_IndSt_nsP,In_LF_Employd_TotM,In_LF_Employd_TotF,In_LF_Employd_TotP,In_LF_unemp_Ind_M,In_LF_unemp_Ind_F,In_LF_unemp_Ind_P,In_LF_unemp_No_Ind_M,In_LF_unemp_No_Ind_F,In_LF_unemp_No_Ind_P,In_LF_un_IndSt_nsM,In_LF_un_IndSt_nsF,In_LF_un_IndSt_nsP,In_LF_Unemp_TotM,In_LF_Unemp_TotF,In_LF_Unemp_TotP,In_LF_To_LF_Ind_M,In_LF_To_LF_Ind_F,In_LF_To_LF_Ind_P,In_LF_To_la_fo_No_In_M,In_LF_To_la_fo_No_In_F,In_LF_To_la_fo_No_In_P,In_LF_To_l_fo_In_st_nsM,In_LF_To_l_fo_In_st_nsF,In_LF_To_l_fo_In_st_nsP,In_LF_To_LF_TotM,In_LF_To_LF_TotF,In_LF_To_LF_TotP,N_the_LF_Indig_M,N_the_LF_Indig_F,N_the_LF_Indig_P,N_the_LF_No_Indig_M,N_the_LF_No_Indig_F,N_the_LF_No_Indig_P,N_the_LF_Indig_st_nsM,N_the_LF_Indig_st_nsF,N_the_LF_Indig_st_nsP,N_the_LF_TotM,N_the_LF_TotF,N_the_LF_TotP,LF_st_ns_Indig_M,LF_st_ns_Indig_F,LF_st_ns_Indig_P,LF_st_ns_NonInd_M,LF_st_ns_NonInd_F,LF_st_ns_NonInd_P,LF_st_ns_Indig_st_nsM,LF_st_ns_Indig_st_nsF,LF_st_ns_Indig_st_nsP,LF_st_ns_TotM,LF_st_ns_TotF,LF_st_ns_TotP,Pcent_Unemploy_Indig_M,Pcent_Unemploy_Indig_F,Pcent_Unemploy_Indig_P,Pcent_Unemploy_NonInd_M,Pcent_Unemploy_NonInd_F,Pcent_Unemploy_NonInd_P,Pcent_Unem_IndSt_nsM,Pcent_Unemp_IndSt_nsF,Pcent_Unemp_IndSt_nsP,Pcent_Unemploy_TotM,Pcent_Unemploy_TotF,Pcent_Unemploy_TotP,Pcent_LF_part_Indig_M,Pcent_LF_part_Indig_F,Pcent_LF_part_Indig_P,Pcent_LF_part_No_Indig_M,Pcent_LF_part_No_Indig_F,Pcent_LF_part_No_Indig_P,Pcent_LF_part_IndSt_nsM,Pcent_LF_part_IndSt_nsF,Pcent_LF_part_IndSt_nsP,Pcent_LF_part_TotM,Pcent_LF_part_TotF,Pcent_LF_part_TotP,Pcent_Emp_to_pop_Ind_M,Pcent_Emp_to_pop_Ind_F,Pcent_Emp_to_pop_Ind_P,Pcent_Emp_t_pop_NonInd_M,Pcent_Emp_t_pop_NonInd_F,Pcent_Emp_t_pop_NonInd_P,Pcent_Emp_t_pop_IndSt_nsM,Pcent_Emp_t_pop_IndSt_nsF,Pcent_Emp_t_pop_IndSt_nsP,Pcent_Emp_to_pop_TotM,Pcent_Emp_to_pop_TotF,Pcent_Emp_to_pop_TotP,IndSec_Gov_Ind_M,IndSec_Gov_Ind_F,IndSec_Gov_Ind_P,IndSec_Gov_No_Ind_M,IndSec_Gov_No_Ind_F,IndSec_Gov_No_Ind_P,IndSec_Gov_IndSt_nsM,IndSec_Gov_IndSt_nsF,IndSec_Gov_IndSt_nsP,IndSec_Gov_TotM,IndSec_Gov_TotF,IndSec_Gov_TotP,IndSec_Priv_Ind_M,IndSec_Priv_Ind_F,IndSec_Priv_Ind_P,IndSec_Priv_NonInd_M,IndSec_Priv_NonInd_F,IndSec_Priv_NonInd_P,IndSec_Priv_IndSt_nsM,IndSec_Priv_IndSt_nsF,IndSec_Priv_IndSt_nsP,IndSec_Priv_TotM,IndSec_Priv_TotF,IndSec_Priv_TotP,Self_employed_Ind_M,Self_employed_Ind_F,Self_employed_Ind_P,Self_employed_NonInd_M,Self_employed_NonInd_F,Self_employed_NonInd_P,Self_employed_Ind_status_nsM,Self_employed_Ind_status_nsF,Self_employed_Ind_status_nsP,Self_employed_TotM,Self_employed_TotF,Self_employed_TotP,HnsQ_PgDL_Ind_M,HnsQ_PgDL_Ind_F,HnsQ_PgDL_Ind_P,HnsQ_PgDL_No_Ind_M,HnsQ_PgDL_No_Ind_F,HnsQ_PgDL_No_Ind_P,HnsQ_PgDL_IndSt_nsM,HnsQ_PgDL_IndSt_nsF,HnsQ_PgDL_IndSt_nsP,HnsQ_PgDL_TotM,HnsQ_PgDL_TotF,HnsQ_PgDL_TotP,HnsQ_GD_GCL_Ind_M,HnsQ_GD_GCL_Ind_F,HnsQ_GD_GCL_Ind_P,HnsQ_GD_GCL_No_In_M,HnsQ_GD_GCL_No_In_F,HnsQ_GD_GCL_No_In_P,HnsQ_GD_GCL_In_st_nsM,HnsQ_GD_GCL_In_st_nsF,HnsQ_GD_GCL_In_st_nsP,HnsQ_GD_GCL_TotM,HnsQ_GD_GCL_TotF,HnsQ_GD_GCL_TotP,HnsQ_BDL_Ind_M,HnsQ_BDL_Ind_F,HnsQ_BDL_Ind_P,HnsQ_BDL_No_Ind_M,HnsQ_BDL_No_Ind_F,HnsQ_BDL_No_Ind_P,HnsQ_BDL_IndSt_nsM,HnsQ_BDL_IndSt_nsF,HnsQ_BDL_IndSt_nsP,HnsQ_BDL_TotM,HnsQ_BDL_TotF,HnsQ_BDL_TotP,HnsQ_AD_DL_Ind_M,HnsQ_AD_DL_Ind_F,HnsQ_AD_DL_Ind_P,HnsQ_AD_DL_No_In_M,HnsQ_AD_DL_No_In_F,HnsQ_AD_DL_No_In_P,HnsQ_AD_DL_In_st_nsM,HnsQ_AD_DL_In_st_nsF,HnsQ_AD_DL_In_st_nsP,HnsQ_AD_DL_TotM,HnsQ_AD_DL_TotF,HnsQ_AD_DL_TotP,HnsQ_Cer_III_IV_Ind_M,HnsQ_Cer_III_IV_Ind_F,HnsQ_Cer_III_IV_Ind_P,HnsQ_Cer_III_IV_No_Ind_M,HnsQ_Cer_III_IV_No_Ind_F,HnsQ_Cer_III_IV_No_Ind_P,HnsQ_Cer_III_IV_IndSt_nsM,HnsQ_Cer_III_IV_IndSt_nsF
ILOC70300101,59,60,112,696,710,1404,61,63,124,809,835,1645,28,32,61,490,456,943,0,0,0,518,481,1005,9,5,11,23,29,57,0,0,0,32,35,68,38,31,71,517,486,1000,0,0,0,553,520,1074,19,28,41,172,223,393,0,3,0,192,248,436,0,0,0,11,4,11,62,60,119,65,67,133,16.2,12.1,14.3,5,6.8,5.9,0,0,0,5.8,7.1,6.4,67.3,55.9,61.4,74.3,68.2,71.2,1.6,1.5,1.6,68.4,62.2,65.2,56.4,49.2,52.6,70.6,63.6,67,1.6,1.5,1.6,64.4,57.7,61,7,20,29,95,161,259,0,0,0,99,180,281,21,6,34,384,285,676,0,0,0,412,299,710,0,0,3,25,16,42,0,0,0,26,17,45,0,3,5,71,79,152,0,0,0,75,79,158,0,3,3,21,35,50,0,0,0,21,37,51,0,8,10,109,169,276,0,0,0,108,178,282,0,4,4,73,62,135,0,0,0,76,68,142,8,6,14,146,64,210,0,0
ILOC70300102,56,56,116,1294,1274,2574,85,65,155,1434,1402,2842,31,35,72,938,890,1828,0,5,10,975,930,1909,3,4,4,54,30,83,0,0,0,59,28,94,34,40,79,1000,923,1912,0,5,10,1038,961,2003,17,16,39,283,348,627,0,3,4,301,372,673,0,0,0,12,11,28,78,61,140,97,75,167,8.1,7.7,7.9,5.8,3,4.5,0,0,0,5.9,3.2,4.6,66.1,67.2,66.7,77,72,74.5,3.6,8.7,5.9,72.3,68.7,70.5,60.7,62.1,61.4,72.5,69.8,71.2,3.6,8.7,5.9,68,66.5,67.2,4,14,20,202,296,498,0,4,4,210,313,521,29,22,46,727,585,1307,0,6,10,755,610,1364,0,4,4,63,28,93,0,0,0,64,29,96,3,3,4,203,193,397,0,0,0,202,196,399,0,0,0,30,70,97,0,0,0,36,70,101,0,8,8,337,380,712,0,0,0,337,383,723,0,5,7,96,107,204,0,0,3,103,112,215,11,14,27,212,105,312,0,0
ILOC70300201,95,109,204,733,772,1504,62,76,137,888,953,1844,53,64,114,530,519,1049,0,8,10,582,591,1173,11,5,14,19,21,39,0,0,0,25,26,49,59,73,131,552,541,1088,0,8,10,608,614,1226,29,38,68,182,228,406,0,6,6,211,266,478,0,5,5,5,5,6,62,65,127,65,70,138,15,8.7,11.6,3.3,3.7,3.5,0,0,0,4.4,4.2,4.3,65.9,62.2,63.9,75,69.9,72.4,1.6,9.5,5.8,68.9,64.3,66.5,56,56.8,56.4,72.6,67.3,69.9,1.6,9.5,5.8,65.8,61.6,63.6,11,27,41,129,196,323,0,0,0,145,222,369,36,31,75,398,322,719,0,3,3,433,361,793,0,0,3,22,17,45,0,0,0,25,20,50,0,0,0,44,48,92,0,0,0,44,45,93,0,0,5,14,31,39,0,0,0,17,33,49,5,9,16,104,127,233,0,0,0,109,142,249,3,9,12,77,78,154,0,0,0,77,88,169,19,23,42,187,105,294,0,0
ILOC70300202,84,129,213,739,757,1494,87,77,165,914,962,1872,56,65,124,532,529,1062,4,0,5,594,600,1191,11,11,18,27,23,43,0,0,0,35,25,61,65,77,138,555,552,1107,4,0,5,622,627,1252,22,52,73,168,203,373,0,0,0,190,257,446,0,0,0,7,6,13,89,69,158,102,81,178,14.1,10.7,12.2,4.5,3.5,4,0,0,0,5.4,4.3,4.9,76.2,58.1,65.3,75.5,72.6,74,3.3,2.7,3,68.3,65.2,66.7,65.5,51.9,57.3,72.1,70.1,71.1,3.3,2.7,3,64.6,62.4,63.5,16,27,40,133,213,352,0,0,0,154,238,393,34,42,77,393,312,704,0,0,0,426,352,785,0,0,0,32,22,56,0,0,0,26,26,57,0,0,0,45,51,96,0,0,0,47,53,94,0,0,0,12,27,36,0,0,0,14,27,42,8,8,17,83,158,243,0,0,0,94,166,261,7,18,19,77,79,151,0,0,0,77,92,174,25,16,41,189,105,296,0,0
ILOC70300301,59,81,145,0,0,0,0,0,0,67,83,148,10,5,16,0,0,0,0,0,0,7,5,19,20,27,48,0,0,0,0,0,0,20,27,48,32,29,63,0,0,0,0,0,0,32,29,66,30,50,80,0,0,0,0,0,0,30,46,79,0,0,0,0,0,0,0,0,0,0,0,0,71,81.8,76.6,0,0,0,0,0,0,68.8,81.8,75.4,50,40.7,44.8,100,0,50,0,0,0,50.8,40.2,44.8,14.5,7.4,10.5,100,0,50,0,0,0,15.9,7.3,11,0,0,0,0,0,0,0,0,0,0,0,0,6,3,16,0,0,0,0,0,0,5,3,11,0,0,0,0,0,0,0,0,0,0,0,0,0,0,0,0,0,0,0,0,0,0,0,0,0,0,0,0,0,0,0,0,0,0,0,0,0,0,0,0,0,0,0,0,0,0,0,0,0,0,0,0,0,0,0,0,0,0,0,0,7,3,12,0,0,0,0,0
ILOC70300302,112,129,244,1350,1389,2739,102,119,221,1564,1637,3206,57,38,96,1019,996,2009,6,6,9,1080,1036,2117,5,5,10,39,34,73,0,0,0,48,42,85,62,45,105,1057,1029,2085,6,6,9,1126,1079,2203,38,71,110,261,339,603,6,3,8,306,413,724,10,16,23,25,24,50,91,105,204,135,144,278,8.1,13.3,10.3,3.9,3.2,3.5,0,0,0,4.1,3.6,3.9,55.9,34.1,44,78.4,73.8,76.1,4.9,5.2,5,72,65.8,68.8,51.4,29.5,39.5,75.4,71.5,73.4,4.9,5.2,5,69,63.4,66.1,14,17,30,181,308,490,0,0,4,194,331,517,42,21,64,828,674,1501,0,6,6,875,702,1573,0,0,0,48,34,86,0,0,0,48,34,86,4,0,4,158,164,317,0,0,0,159,161,327,0,0,0,29,67,94,0,0,0,29,71,97,10,8,11,252,379,630,0,0,0,256,389,647,9,8,9,125,140,266,0,0,3,128,150,278,24,13,42,258,126,392,4,0
ILOC70300303,13,13,21,3,0,3,0,0,0,13,11,25,5,3,4,0,0,0,0,0,0,5,3,7,0,0,0,0,0,0,0,0,0,0,0,0,5,3,4,3,0,3,0,0,0,5,3,8,8,5,17,3,0,0,0,0,0,15,5,18,0,0,0,0,0,0,0,0,0,0,0,0,0,0,0,50,0,50,0,0,0,20,0,12.5,23.1,33.3,27.3,50,0,40,0,0,0,29.4,30,29.6,23.1,33.3,27.3,25,0,20,0,0,0,23.5,30,25.9,0,0,0,0,0,0,0,0,0,0,0,0,5,3,4,0,0,0,0,0,0,5,3,4,0,0,0,0,0,0,0,0,0,0,0,0,0,0,0,0,0,0,0,0,0,0,0,0,0,0,0,0,0,0,0,0,0,0,0,0,0,0,0,0,0,0,0,0,0,0,0,0,0,0,0,0,0,0,0,0,0,0,0,0,0,0,4,3,0,3,0,0
ILOC70300304,54,57,114,153,160,310,10,15,26,215,231,448,4,11,12,104,100,202,0,0,0,113,104,219,0,0,3,3,0,6,0,0,0,5,3,10,9,7,15,110,99,215,0,0,0,121,109,230,41,50,89,38,57,95,0,0,3,79,107,185,3,0,3,0,0,5,9,10,23,11,15,25,25,12.5,18.8,4.5,2,3.3,0,0,0,5.9,2.7,4.4,15.1,13.6,14.3,73.5,64.2,68.7,0,0,0,55.6,47.4,51.3,11.3,11.9,11.6,70.2,62.9,66.5,0,0,0,52.3,46.1,49.1,0,0,0,29,21,49,0,0,0,29,27,55,4,6,13,79,75,156,0,0,0,82,83,161,0,0,0,12,3,19,0,0,0,12,5,16,0,0,0,17,10,28,0,0,0,17,10,28,0,0,0,0,6,13,0,0,0,0,6,13,0,0,0,25,40,63,0,0,0,25,38,63,0,0,0,20,14,30,0,0,0,20,13,34,0,3,8,32,20,48,0,0
ILOC70300401,52,47,99,233,226,460,95,81,177,374,356,734,24,18,41,128,133,267,0,4,13,156,158,314,7,6,4,5,5,14,0,0,0,10,12,18,28,21,48,136,139,278,0,5,6,165,171,337,26,26,49,90,80,166,0,0,0,112,107,217,0,0,0,12,6,12,89,78,169,98,84,180,16,14.3,15.2,3.6,4.3,4,0,16.7,10,5.4,6,5.7,51,43.8,47.4,58.8,62.7,60.7,4.2,7.2,5.6,43.9,47.2,45.5,42.9,37.5,40.2,56.7,60,58.3,4.2,6,5,41.5,44.4,42.9,4,5,10,9,28,34,0,0,0,9,32,43,15,10,26,120,103,224,3,0,3,138,115,257,0,0,4,8,10,21,0,0,0,9,14,25,0,0,0,4,6,10,0,0,0,4,8,10,0,0,0,0,10,10,0,0,0,0,8,8,0,0,0,9,31,44,0,0,0,10,33,45,7,0,3,18,32,48,0,0,0,20,35,53,9,4,18,67,28,95,0,0
ILOC70300402,37,41,83,74,67,141,33,35,68,146,149,298,10,6,24,35,40,75,4,0,6,56,51,103,4,6,13,0,4,4,0,0,0,9,10,16,19,17,38,40,41,82,4,0,6,64,61,121,20,32,46,30,25,52,0,4,4,53,56,105,0,0,0,0,0,4,30,29,65,37,38,73,31.6,37.5,34.3,5,4.8,4.9,0,0,0,12.9,13.3,13.1,51.4,35.6,42.7,51.9,63.6,57.3,8.8,5.4,7,41.9,40.5,41.2,35.1,22.2,28,49.4,60.6,54.5,8.8,5.4,7,36.5,35.1,35.8,4,5,11,14,13,29,0,0,0,21,21,38,8,6,10,20,29,47,4,0,6,32,30,68,0,0,0,0,0,0,0,0,0,3,0,3,0,5,5,0,0,6,0,0,0,0,6,4,0,0,0,0,5,4,0,0,0,0,5,4,0,3,7,10,10,21,0,0,0,15,15,25,3,5,3,9,10,18,0,0,0,9,14,24,7,7,16,17,12,29,0,0
ILOC70300403,61,64,126,0,0,0,0,0,0,61,59,126,7,6,16,0,0,0,0,0,0,7,12,17,0,0,0,0,0,0,0,0,0,0,0,0,7,11,20,0,0,0,0,0,0,7,9,24,51,43,92,0,0,0,0,0,0,51,43,92,8,4,14,0,0,0,0,0,0,8,4,14,12.5,18.2,15.8,0,0,0,0,0,0,12.5,16.7,15,12.3,17.7,15,0,100,100,0,0,0,12.3,19,15.6,10.8,14.5,12.6,0,100,100,0,0,0,10.8,15.9,13.3,4,8,7,0,0,0,0,0,0,4,8,10,3,3,9,0,0,0,0,0,0,3,3,9,0,0,0,0,0,0,0,0,0,0,0,0,0,0,0,0,0,0,0,0,0,0,0,0,0,0,0,0,0,0,0,0,0,0,0,0,0,0,0,0,0,0,0,0,0,0,0,0,0,0,0,0,0,0,0,0,0,0,0,0,6,0,9,0,0,0,0,0
ILOC70300404,49,59,108,411,331,741,84,62,144,541,454,991,22,10,33,172,171,344,3,0,5,199,184,379,6,3,10,10,4,17,0,0,0,15,14,31,27,15,43,182,181,366,3,0,5,213,197,408,21,40,64,217,144,368,6,4,8,246,191,430,0,0,0,3,3,13,76,59,133,82,64,146,18.5,31.3,23.3,6,4.4,5.2,0,0,0,7.5,6.6,7.1,55.1,28.1,40.6,44.7,54.5,49.1,4.8,1.6,3.4,39.6,43.7,41.4,44.9,19.3,31.1,42.1,52.1,46.5,4.8,1.6,3.4,36.6,40.8,38.5,8,4,9,25,47,73,0,0,0,30,55,80,14,9,26,152,118,267,5,0,4,168,132,300,0,0,0,23,12,34,0,0,0,23,14,35,0,3,3,12,16,27,0,0,0,12,17,27,0,0,0,0,15,18,0,0,0,0,18,19,0,0,0,28,50,80,0,0,0,28,56,80,5,7,12,29,26,54,3,0,5,38,31,68,17,3,22,141,49,191,0,0
ILOC70300501,118,96,217,2959,2627,5588,416,320,741,3497,3044,6545,73,57,127,2516,2144,4657,7,0,6,2594,2204,4794,7,6,16,77,79,153,0,0,0,88,79,165,84,61,142,2589,2221,4815,7,0,6,2681,2287,4964,34,31,67,336,382,716,3,0,6,364,415,783,3,9,13,36,23,60,404,319,724,451,345,792,11,6.8,9.2,3,3.5,3.2,0,0,0,3.3,3.5,3.4,68.9,59,64.4,87.5,84.6,86.1,1.7,0.9,1.4,76.7,74.9,75.9,61.3,55,58.4,84.9,81.6,83.4,1.7,0.9,1.4,74.2,72.3,73.3,34,33,68,682,573,1255,0,0,0,714,608,1326,36,25,58,1797,1539,3333,4,0,5,1836,1562,3401,0,0,0,83,59,142,0,0,0,86,59,145,4,5,13,432,434,869,0,0,0,440,443,882,0,3,7,87,93,177,0,0,0,89,99,187,7,9,13,783,848,1631,5,0,6,798,857,1650,11,12,22,353,287,645,0,0,0,368,299,665,18,14,35,451,230,678,0,0
ILOC70300502,90,121,214,2003,2233,4235,162,171,334,2251,2524,4777,55,64,121,1532,1641,3170,3,5,10,1586,1715,3303,9,9,13,52,50,100,0,0,0,59,54,108,60,73,134,1575,1694,3272,0,5,8,1643,1768,3409,29,45,76,404,526,931,0,0,4,434,574,1008,0,0,4,20,10,31,155,165,322,175,177,356,11.5,6.8,9,3.2,2.8,3,33.3,0,14.3,3.5,3,3.3,68.5,60.3,63.8,78.9,75.8,77.3,1.9,2.3,2.1,72.9,70.1,71.4,60.7,56.2,58.1,76.4,73.6,74.9,1.2,2.3,1.8,70.4,68,69.1,20,28,52,377,588,965,0,0,0,399,619,1020,33,37,71,1140,1042,2179,0,6,3,1174,1082,2253,5,0,0,67,66,128,0,0,0,69,67,131,0,3,5,214,302,513,0,0,0,217,298,520,0,5,4,62,138,197,0,0,0,58,136,199,10,17,21,460,697,1156,0,0,0,472,707,1176,8,14,21,231,213,447,0,0,0,236,233,468,19,26,44,401,200,603,0,0
ILOC70300503,74,71,142,1786,1652,3432,279,163,441,2128,1887,4018,46,40,87,1474,1323,2795,4,0,4,1521,1365,2885,5,0,5,38,22,61,0,0,0,43,22,65,44,40,88,1510,1345,2855,4,0,4,1562,1387,2948,24,29,50,254,291,550,4,3,10,282,324,600,0,0,0,17,16,32,268,158,430,295,179,471,6.5,0,3.4,2.5,1.8,2.1,0,0,0,2.6,1.7,2.2,64.8,60,62.4,84.7,81.4,83.1,1.1,0,0.7,73.2,73.5,73.3,60.6,60,60.3,82.6,79.9,81.3,1.1,0,0.7,71.3,72.2,71.7,23,14,39,478,444,919,0,0,0,498,458,959,16,27,47,970,869,1835,3,0,3,993,896,1883,0,0,0,42,39,81,0,0,0,45,39,83,0,6,6,238,239,473,0,0,0,238,239,478,0,0,4,51,98,149,0,0,0,49,94,150,3,13,16,426,528,956,0,0,0,424,541,967,8,5,15,201,180,381,0,0,0,204,187,392,19,12,30,313,137,455,0,0
ILOC70300504,86,116,205,2594,2571,5164,214,159,367,2890,2849,5737,70,83,147,2166,2104,4273,6,0,3,2235,2189,4428,0,9,11,59,54,115,0,0,0,62,64,126,71,86,156,2228,2159,4383,6,5,5,2297,2250,4549,18,22,35,347,393,740,0,0,0,359,419,779,3,6,8,19,16,42,210,156,365,231,183,411,4.3,7.8,6.3,2.6,2.6,2.6,0,33.3,16.7,2.7,2.8,2.7,80.2,76.3,77.9,85.9,83.9,84.9,1.4,1.9,1.6,79.5,79.1,79.3,76.7,70.3,73,83.6,81.7,82.7,1.4,1.3,1.4,77.4,76.8,77.1,19,43,63,463,658,1120,0,0,0,482,699,1183,47,37,86,1673,1429,3107,6,0,4,1717,1473,3195,6,0,6,78,63,137,0,0,0,86,62,144,0,7,6,284,306,587,0,0,0,283,311,593,0,0,0,69,144,209,0,0,0,68,146,215,11,7,19,565,744,1311,0,0,0,573,752,1327,3,13,19,266,289,557,0,0,0,267,306,573,38,27,68,564,243,807,3,0
ILOC70300601,245,340,579,1424,1447,2866,135,134,269,1795,1917,3715,121,158,278,984,927,1920,3,4,7,1112,1088,2197,18,20,44,72,50,121,0,0,0,86,76,164,140,179,318,1058,983,2040,7,4,8,1200,1165,2359,99,151,248,350,448,800,7,0,6,456,600,1056,9,5,13,17,15,27,118,133,251,145,151,300,13.9,12.2,12.9,6.5,5.3,5.9,16.7,0,11.1,7.4,6.4,6.9,56.4,53.6,54.7,74.3,67.8,71,4.5,2.2,3.4,66.7,60.7,63.6,48.6,47,47.7,69.4,64.2,66.8,3.8,2.2,3,61.8,56.8,59.2,29,67,101,171,251,424,0,0,0,207,312,527,83,90,170,786,662,1452,3,4,7,873,754,1632,0,0,0,60,39,92,0,0,0,60,36,97,0,3,0,56,68,124,0,0,0,59,74,131,0,3,3,24,49,72,0,0,0,24,59,79,8,16,28,170,247,412,0,0,3,177,265,443,6,26,35,95,135,228,0,0,0,105,156,262,51,62,117,363,192,558,0,0
ILOC70300701,39,39,80,231,228,460,57,46,103,328,316,636,12,12,34,169,159,332,4,0,9,189,173,365,0,3,3,6,6,11,0,0,0,10,7,8,12,18,32,176,157,335,6,0,4,194,183,378,20,17,44,48,56,105,0,0,0,68,77,149,0,0,0,11,8,18,49,45,96,58,56,115,0,11.8,6.3,3.4,1.9,2.7,25,0,16.7,3.6,2.8,3.2,39.5,44.7,42.1,76.3,70.6,73.5,7.4,4.2,5.9,60.5,57.3,58.9,39.5,39.5,39.5,73.7,69.3,71.5,5.6,4.2,4.9,58.3,55.7,57.1,5,9,11,19,40,62,0,0,0,26,47,74,13,12,21,148,109,257,3,0,0,160,124,286,0,0,3,25,9,33,0,0,0,23,13,34,0,0,0,0,12,12,0,0,0,0,12,12,0,0,0,3,9,12,0,0,0,3,9,12,0,0,0,17,33,49,0,0,0,17,33,49,0,0,0,17,28,43,0,0,0,17,26,44,7,5,11,87,34,117,4,0
ILOC70300702,89,90,179,1126,1098,2220,132,107,235,1345,1289,2640,57,70,121,812,776,1590,13,6,14,875,846,1723,3,0,6,44,22,70,0,0,0,49,31,79,58,65,127,857,799,1658,13,6,14,928,870,1801,29,20,41,256,286,537,4,0,6,285,303,588,7,0,6,11,11,23,116,97,220,136,115,247,6.8,2.9,4.7,5.4,3.1,4.3,0,0,0,5.4,3.1,4.3,64.8,77.3,70.9,76.1,73.1,74.6,6.9,4.8,5.9,68.6,67.8,68.2,60.4,75,67.6,72,70.8,71.4,6.9,4.8,5.9,64.9,65.7,65.3,9,25,35,117,232,349,0,0,0,129,262,391,41,34,79,683,534,1218,10,4,12,738,572,1312,0,0,3,56,42,96,0,0,0,60,37,100,0,0,0,21,48,73,0,0,0,24,48,73,0,0,0,12,29,42,0,0,0,12,33,40,0,7,14,82,160,247,0,0,0,87,171,259,3,7,13,83,152,237,5,0,5,93,160,254,27,22,50,451,165,616,0,3
ILOC70300703,66,91,155,878,733,1606,209,152,358,1148,970,2126,36,51,88,603,489,1090,4,3,12,648,540,1189,5,9,17,28,20,42,0,0,0,31,27,62,48,59,105,631,505,1139,6,5,8,682,565,1248,24,29,52,227,216,441,0,0,0,252,250,497,0,4,4,16,15,24,202,144,348,217,156,373,13.6,15.3,14.6,4.1,3.6,3.9,12.5,25,16.7,4.8,4.9,4.9,64.7,66.3,65.6,72.2,69.1,70.8,3.8,2.7,3.3,59.3,58.6,59,55.9,56.2,56.1,69.2,66.6,68,3.3,2,2.8,56.4,55.7,56.1,7,17,24,69,128,199,0,0,0,77,151,227,30,26,59,527,349,876,4,3,4,561,383,942,0,0,5,53,29,82,0,0,0,57,31,83,0,0,3,10,17,29,0,0,0,9,22,30,3,0,3,13,22,32,0,0,0,9,21,32,7,3,7,40,82,124,0,0,0,40,88,130,4,5,11,52,90,138,0,3,5,62,99,156,8,18,29,349,142,490,0,0
ILOC70300704,960,192,1155,2099,1451,3552,171,114,286,3234,1760,4999,101,83,186,1474,1052,2530,11,0,9,1584,1135,2722,0,6,10,39,33,75,0,0,0,39,40,79,106,89,190,1516,1086,2601,11,0,9,1625,1177,2804,859,103,960,554,350,905,3,3,8,1419,454,1878,4,0,3,25,19,47,162,109,266,190,130,315,2,5.6,3.7,2.6,3,2.8,0,0,0,2.6,3.1,2.8,10.6,46.4,16.6,72.2,74.6,73.1,5.8,2.6,4.5,50.3,66.8,56.1,10.4,43.8,15.9,70.3,72.4,71.1,5.8,2.6,4.5,49,64.7,54.5,34,28,66,565,382,942,0,0,0,600,410,1008,60,50,109,892,650,1544,10,0,12,959,704,1663,0,0,6,71,38,109,0,0,0,73,41,113,0,0,0,35,61,97,0,0,0,41,55,99,0,0,0,17,55,77,0,0,0,17,58,73,4,12,16,152,239,396,0,0,0,161,254,414,5,10,15,150,170,321,0,0,0,157,183,346,48,23,72,705,243,956,6,0
ILOC70300705,231,222,456,2904,2762,5667,345,271,616,3476,3250,6734,161,143,307,2166,2030,4190,18,14,37,2347,2187,4529,14,11,23,69,51,121,0,0,6,82,61,145,172,155,332,2234,2078,4314,20,15,35,2428,2249,4675,52,62,117,624,639,1265,21,11,28,704,706,1407,6,4,11,46,45,89,301,244,548,354,291,643,7.5,5.8,6.7,3.1,2.5,2.8,8.7,7.1,8.1,3.5,2.8,3.1,75.7,69.1,72.4,76.8,75.4,76.1,6.7,5.2,6,69.8,69.2,69.5,70,65,67.5,74.5,73.5,74,6.1,4.9,5.5,67.4,67.3,67.3,29,41,73,293,602,898,0,3,9,325,651,975,130,101,232,1836,1406,3244,13,8,23,1987,1515,3498,8,9,18,186,99,288,3,0,3,200,105,308,0,0,0,32,84,118,0,0,0,33,84,125,0,9,12,22,109,129,0,0,0,27,118,139,4,22,26,139,384,526,0,7,7,147,410,554,12,20,33,224,352,576,3,3,5,242,372,612,68,48,125,1271,481,1751,10,4
ILOC70300706,33,42,78,160,141,294,13,18,31,210,197,406,11,8,15,121,103,224,0,0,0,133,107,242,4,4,7,4,0,6,0,0,0,8,8,9,16,8,25,127,106,228,0,0,0,144,114,252,23,30,54,29,31,64,0,0,0,49,62,118,0,0,0,5,4,5,10,18,27,15,19,35,14.3,40,25,3.2,1,2.2,0,0,0,4.3,4.3,4.3,38.9,23.8,30.8,79.2,74.8,77.2,7.1,6.3,6.7,67.5,58.4,63.1,33.3,14.3,23.1,76.7,74.1,75.5,7.1,6.3,6.7,64.6,55.8,60.3,6,0,5,34,33,68,0,0,0,45,35,78,3,4,5,86,65,144,0,0,0,83,69,157,0,0,0,7,3,10,0,0,0,7,3,10,0,0,0,5,6,13,0,0,0,5,6,13,0,0,0,0,4,4,0,0,0,0,7,6,0,0,3,18,23,43,0,0,0,18,32,50,0,0,0,15,17,35,0,0,0,21,17,41,8,0,11,61,18,84,0,0
ILOC70300801,179,265,443,865,865,1732,85,78,160,1124,1208,2332,71,95,164,590,556,1152,0,0,3,660,653,1317,27,21,44,31,25,57,3,3,3,56,45,101,94,114,203,624,582,1205,0,4,5,719,699,1420,69,124,187,213,267,487,3,7,10,281,400,679,21,26,51,26,16,40,77,64,139,119,114,230,25.8,16.7,20.8,5.1,4,4.6,66.7,66.7,66.7,8.1,6.3,7.2,52.2,42.9,46.6,72.3,67.1,69.7,3.7,4,3.8,64.1,57.8,60.8,38.8,35.7,36.9,68.6,64.4,66.5,1.2,1.3,1.3,58.9,54.2,56.5,12,35,50,103,166,268,0,0,3,119,202,325,55,55,111,472,379,850,0,0,0,526,434,962,0,0,0,36,19,52,0,0,0,35,22,53,0,0,0,42,46,82,0,0,0,42,47,86,5,0,7,15,41,54,0,0,0,16,40,63,4,13,18,102,158,262,0,0,0,104,175,280,8,11,20,67,86,153,0,0,0,74,100,172,31,45,70,234,76,313,0,0
ILOC70300901,161,184,350,1231,1118,2344,170,152,323,1560,1456,3019,64,55,119,902,776,1681,7,10,15,968,844,1811,9,8,21,33,39,71,0,0,0,46,46,90,70,67,140,935,813,1744,7,7,18,1009,891,1901,66,89,156,286,292,578,0,3,7,361,388,747,21,25,47,13,11,24,164,140,299,193,181,372,15.1,16.4,15.7,3.4,4.4,3.9,0,10,5.9,4.3,5.4,4.8,45.1,36.2,40.3,75.7,72.9,74.4,4.1,6.5,5.2,64.7,61.2,63,38.3,30.3,34,73.1,69.7,71.5,4.1,5.8,4.9,61.9,57.9,60,10,26,40,232,238,469,0,3,6,248,264,514,48,29,76,655,536,1190,6,3,10,710,571,1275,0,3,0,39,25,61,0,0,0,37,26,64,0,5,5,62,93,151,0,0,0,63,95,159,3,0,0,21,47,68,0,3,3,21,49,71,9,10,18,186,255,443,0,0,8,191,267,459,10,12,14,114,130,243,0,0,0,125,133,258,23,15,39,342,121,461,4,3
ILOC70301001,67,82,150,580,618,1205,44,31,71,689,730,1423,26,35,59,421,435,855,0,0,0,448,466,916,4,7,8,16,7,28,0,0,0,21,15,40,32,35,71,437,443,881,0,0,0,469,485,955,29,36,64,139,170,306,0,4,5,171,209,381,3,5,12,11,6,13,39,24,64,50,34,82,12.1,13.2,12.7,3.9,2.2,3.1,0,0,0,4.5,3.1,3.8,51.6,46.3,48.6,75,72,73.4,0,3.4,1.4,68.1,66.4,67.2,45.3,40.2,42.5,72,70.4,71.2,0,3.4,1.4,65.1,64.3,64.7,7,19,22,101,158,262,0,0,0,104,176,281,21,19,36,314,274,586,0,0,0,339,294,627,0,0,4,30,23,59,0,0,0,29,28,57,0,0,0,46,65,106,0,0,0,39,65,108,0,0,0,14,41,62,0,0,0,14,44,57,3,12,12,93,151,241,0,0,0,95,165,256,3,3,8,56,54,108,0,0,0,53,59,118,10,8,17,155,56,214,6,0
ILOC70301002,85,91,173,850,940,1789,87,81,165,1014,1114,2128,46,30,72,631,656,1282,0,5,3,674,688,1362,3,6,7,33,23,57,0,0,0,37,28,69,46,38,83,666,681,1342,0,5,3,713,717,1428,29,54,79,175,252,430,0,4,3,203,309,508,8,4,6,10,12,23,87,71,155,97,87,191,8.2,17.1,11.9,5.3,3.4,4.3,0,0,0,5.5,4.1,4.8,60.5,38.5,48.8,78.5,71.8,75,1.1,5,3,70.4,64.3,67.2,55.6,31.9,43,74.4,69.4,71.7,1.1,5,3,66.6,61.7,64,11,7,16,94,214,320,0,0,0,110,227,334,32,22,56,522,428,949,0,3,8,555,450,1001,0,0,0,28,34,61,0,0,0,30,34,61,0,0,0,97,111,207,0,0,0,100,111,209,0,0,0,12,51,61,0,0,0,17,53,65,3,3,8,144,260,404,0,0,0,144,264,411,0,10,9,86,76,162,0,0,0,88,85,169,20,14,32,186,62,254,3,0
ILOC70301101,59,65,121,658,679,1338,59,32,94,775,778,1554,35,24,61,474,450,924,4,0,4,514,473,989,5,5,8,18,27,44,0,0,0,22,30,49,42,28,66,489,475,965,4,0,4,536,500,1037,19,31,53,161,200,361,0,4,4,183,238,417,0,0,0,5,5,14,55,34,85,62,38,100,10.3,10.7,10.4,3.5,5.5,4.5,0,0,0,3.9,5.8,4.8,67.2,45.2,55.8,74.6,69.9,72.2,5,0,3.2,68.6,64.8,66.7,60.3,40.3,50,72,66.1,69,5,0,3.2,65.9,61.1,63.5,10,9,23,89,145,231,0,0,0,101,153,255,21,18,39,377,303,679,4,0,4,404,318,724,0,0,0,30,20,49,0,0,0,32,17,50,0,0,0,47,57,100,0,0,0,47,57,100,4,0,4,9,22,37,0,0,0,12,22,41,0,5,9,83,145,224,0,0,0,80,148,229,0,9,9,50,62,117,0,0,0,54,72,126,20,10,29,163,67,233,0,0
ILOC70301102,49,74,121,707,676,1385,51,55,101,804,809,1609,25,26,55,497,453,947,0,0,0,521,479,1004,3,12,13,30,13,47,0,0,0,32,24,62,27,40,71,524,468,992,0,0,0,556,505,1067,18,33,52,164,190,360,0,0,0,186,228,412,0,0,0,14,22,35,47,49,97,58,72,130,10,26.3,19.1,6.1,3.4,4.8,0,0,0,6.3,5.1,5.7,60,50.7,54.4,74.5,69,71.8,2,1.9,2,69.2,63,66.1,54,37.3,44,69.9,66.7,68.3,2,1.9,2,64.8,59.8,62.3,3,5,12,72,138,211,0,0,0,81,141,217,19,22,42,406,310,713,0,0,0,430,326,761,0,0,0,33,20,56,0,0,0,33,20,57,0,0,4,57,52,110,0,0,0,61,50,118,0,3,3,19,21,38,0,0,0,19,20,41,3,4,0,97,146,241,0,0,0,101,145,249,0,3,3,52,53,104,0,0,0,51,59,113,16,18,24,152,70,218,0,0
ILOC70301103,43,78,118,632,596,1230,59,54,112,735,728,1462,27,39,59,452,417,866,3,0,0,475,454,928,0,3,6,21,9,30,0,0,0,22,13,37,30,43,66,469,428,893,3,0,0,497,473,971,17,32,47,163,164,323,5,3,9,178,199,376,0,3,9,6,0,4,56,52,106,58,60,116,11.1,9.5,10.1,4.1,2.8,3.5,0,0,0,4.4,3.4,3.9,64.3,53.2,57,73.9,71.9,72.9,3.3,1.9,2.7,67.6,64.8,66.2,57.1,48.1,51.2,70.9,69.9,70.4,3.3,1.9,2.7,64.6,62.6,63.6,0,14,17,100,144,244,3,0,3,105,162,265,17,26,44,345,260,609,0,0,0,362,289,648,0,0,0,24,14,39,0,0,0,24,17,43,0,0,0,31,53,86,0,0,0,31,51,88,0,3,3,18,34,52,0,0,0,18,36,53,0,6,11,102,135,238,3,0,3,103,141,249,3,12,11,51,54,106,0,0,0,56,64,115,9,10,18,160,55,218,0,0
ILOC70301201,66,72,135,1375,1508,2886,99,91,191,1539,1674,3214,46,50,90,1071,1139,2209,4,4,5,1113,1189,2305,4,5,8,36,35,75,0,0,0,38,37,77,50,53,100,1104,1176,2278,4,4,5,1161,1224,2383,13,15,31,255,328,578,0,4,3,265,352,614,0,3,0,23,8,25,89,88,179,116,96,209,11.8,5.9,8.8,3.3,3.1,3.2,0,0,0,3.6,3.2,3.4,78.5,71.8,75,80.2,77.8,79,3.1,2.2,2.6,75.3,73.3,74.3,69.2,67.6,68.4,77.6,75.4,76.5,3.1,2.2,2.6,72.6,71,71.8,13,20,33,267,462,721,0,0,0,277,478,755,31,30,61,790,668,1460,4,0,8,827,699,1524,0,0,3,26,31,58,0,0,0,28,38,61,3,0,3,222,273,495,0,0,0,230,274,500,0,0,5,37,97,136,0,0,0,40,101,139,0,13,12,327,473,797,0,0,0,329,490,821,3,5,12,118,116,239,0,0,0,122,120,249,14,7,29,235,122,359,0,0
ILOC70301202,74,76,150,1178,1243,2419,64,39,105,1317,1362,2682,41,34,76,909,967,1874,4,0,3,950,1003,1953,3,3,9,31,38,67,0,0,0,33,43,74,43,40,88,942,999,1938,4,0,3,985,1045,2029,30,32,64,219,232,446,0,0,0,253,265,516,0,0,6,18,13,34,59,37,98,86,53,138,7,12.2,9.5,3.3,3.6,3.5,0,0,0,3.5,3.9,3.7,58.1,53.2,55.6,79.6,80.5,80.1,4.5,2.5,3.8,74.7,76.7,75.7,54.1,46.8,50.3,77,77.6,77.3,4.5,2.5,3.8,72.1,73.7,72.9,12,15,23,238,412,649,0,0,0,250,430,675,29,19,49,656,545,1203,0,0,0,687,570,1257,0,0,0,48,35,82,0,0,0,50,35,85,3,3,4,215,266,481,0,0,0,212,266,480,0,0,4,47,96,136,0,0,0,46,96,142,3,10,12,272,417,686,0,0,0,272,426,700,3,6,13,105,94,199,0,0,0,108,98,210,15,14,27,198,71,275,0,0
ILOC70301301,531,631,1166,5575,5972,11545,529,491,1014,6632,7092,13723,408,444,848,4690,4670,9364,10,18,21,5110,5128,10234,14,27,43,145,151,299,0,0,0,166,171,338,423,466,888,4836,4824,9662,11,18,27,5271,5301,10575,105,162,267,691,1093,1786,11,11,14,804,1262,2068,4,10,11,45,51,102,510,465,974,556,528,1082,4.2,5.2,4.7,3.1,3.1,3.1,10,0,4,3.2,3.3,3.2,79.8,73.7,76.5,86.8,80.7,83.7,1.9,3.1,2.5,79.5,74.8,77.1,76.5,69.9,72.9,84.2,78.2,81.1,1.7,3.1,2.4,77,72.3,74.6,120,190,314,1208,1401,2612,0,3,0,1330,1598,2926,271,240,517,3415,3215,6634,7,9,20,3700,3470,7168,6,6,12,144,148,286,0,0,0,150,150,300,4,0,4,243,328,569,0,0,0,247,329,577,4,13,13,71,226,297,0,0,0,74,238,311,24,55,75,600,1112,1715,0,3,3,620,1169,1793,42,74,119,613,715,1327,0,0,0,660,785,1445,188,151,343,1804,1055,2860,8,3
ILOC70301302,117,137,254,831,872,1700,104,64,170,1052,1074,2123,69,64,140,644,634,1277,3,0,4,722,694,1418,7,10,22,30,40,71,0,0,0,44,52,93,85,78,155,677,669,1346,4,0,6,760,746,1507,31,62,95,136,192,325,0,0,0,175,252,424,0,0,0,15,11,23,105,63,167,116,80,194,12,14.7,13.3,4.7,5.8,5.3,33.3,0,25,5.6,6.7,6.2,69.7,54.7,61.7,81.8,77,79.3,2.9,1.5,2.3,72.5,69.4,70.9,61.3,46.7,53.5,77.9,72.5,75.1,1.9,1.5,1.7,68.4,64.7,66.6,12,17,31,103,178,277,0,0,0,115,194,313,61,48,108,528,443,971,3,0,3,590,491,1082,0,0,0,30,18,45,0,0,0,30,18,52,0,0,0,32,49,79,0,0,0,33,47,83,0,0,0,15,36,50,0,0,0,15,38,56,0,8,11,98,165,264,0,0,0,97,175,269,7,5,14,60,90,146,0,0,0,65,100,165,33,27,62,275,144,422,0,0
ILOC70301303,149,167,313,2061,2122,4183,171,127,292,2377,2418,4797,102,106,210,1699,1639,3337,9,7,15,1808,1752,3558,4,14,17,51,36,86,0,0,0,55,49,105,109,115,225,1751,1675,3428,9,7,15,1863,1803,3667,40,52,91,297,438,729,0,4,7,339,489,832,0,0,0,14,12,28,163,114,275,174,125,299,5.6,9.5,7.6,2.9,2.2,2.6,0,0,0,3.1,2.7,2.9,72.3,69,70.6,84.9,78.9,81.8,4.2,5.6,4.8,78.4,74.4,76.4,68.2,62.5,65.2,82.4,77.2,79.7,4.2,5.6,4.8,76,72.4,74.2,23,47,69,397,520,915,0,4,3,415,572,985,76,54,133,1281,1107,2392,3,3,10,1368,1163,2533,5,0,4,54,44,96,0,0,0,57,45,101,3,4,6,94,126,218,0,0,0,100,132,227,0,3,3,31,88,124,0,0,0,38,92,129,3,6,14,254,406,665,0,0,0,261,414,677,4,13,16,204,298,505,0,0,0,216,310,526,50,43,92,690,355,1048,4,0
ILOC70301304,210,240,447,867,830,1701,164,119,278,1238,1188,2422,91,86,170,609,573,1180,0,0,4,700,654,1354,20,23,42,36,21,58,0,0,0,55,45,97,104,106,211,645,595,1240,3,0,4,759,697,1455,66,99,165,207,225,434,0,0,0,275,326,599,34,36,69,17,7,27,159,116,279,206,163,375,17.6,21.2,19.3,5.6,3.7,4.7,50,0,25,7.4,6.3,6.9,52.2,43.3,47.4,74.3,71.5,72.9,1.2,1.7,1.4,61,58.9,60,43,34.2,38.3,70.1,68.8,69.5,0.6,1.7,1.1,56.5,55.1,55.9,24,36,57,86,122,211,0,0,0,106,158,272,65,43,112,518,443,961,0,0,0,578,487,1067,4,0,3,24,20,46,0,0,0,29,22,50,0,0,0,33,28,56,0,0,0,35,28,59,0,6,10,11,28,36,0,0,0,10,33,44,3,8,8,60,127,186,0,0,0,64,132,195,15,15,27,70,99,164,0,0,0,87,111,195,34,28,61,268,153,418,0,0
ILOC70301305,199,255,460,714,712,1424,199,199,395,1111,1167,2278,90,91,181,485,461,944,8,0,5,578,555,1136,13,16,34,28,40,65,0,0,0,49,57,101,110,112,220,509,495,1010,8,0,5,621,616,1235,89,138,232,189,204,393,5,0,12,289,346,635,4,3,5,12,7,19,188,191,380,201,202,406,15.9,15.9,15.9,5.5,7.6,6.5,0,0,0,7.2,9.1,8.2,53,44.1,48,71.7,70.1,70.9,2.5,1.5,2,56,52.7,54.3,44.6,37.1,40.4,67.8,64.7,66.3,2.5,1.5,2,52,47.9,49.9,19,39,56,66,123,188,0,0,0,87,158,250,67,55,122,407,334,743,3,0,8,477,390,869,5,0,0,17,15,33,0,0,0,16,17,32,0,0,0,5,20,22,0,0,0,5,20,22,0,7,7,0,20,20,0,0,0,0,27,26,10,11,20,43,66,104,0,0,0,47,73,120,0,3,6,47,56,99,0,0,4,48,63,113,33,57,92,245,132,375,0,0
ILOC70301306,29,28,58,0,0,0,0,0,0,30,28,54,4,0,8,0,0,0,0,0,0,4,0,8,5,5,9,0,0,0,0,0,0,5,5,9,11,5,14,0,0,0,0,0,0,11,5,14,20,17,39,0,0,0,0,0,0,25,17,43,0,0,0,0,0,0,0,0,0,0,0,0,44.4,66.7,53.3,0,0,0,0,0,0,44.4,66.7,53.3,28.1,24,26.3,0,0,0,0,0,0,27.3,24,25.9,15.6,8,12.3,0,0,0,0,0,0,15.2,8,12.1,3,0,3,0,0,0,0,0,0,3,0,3,4,0,3,0,0,0,0,0,0,4,0,3,0,0,0,0,0,0,0,0,0,0,0,0,0,0,0,0,0,0,0,0,0,0,0,0,0,0,0,0,0,0,0,0,0,0,0,0,0,0,0,0,0,0,0,0,0,0,0,0,0,0,0,0,0,0,0,0,0,0,0,0,0,0,0,0,0,0,0,0
ILOC70301307,175,219,394,912,910,1826,114,96,213,1199,1233,2433,98,106,201,698,648,1343,7,8,12,796,755,1556,12,19,33,40,22,65,0,0,0,57,41,98,109,126,232,738,664,1411,7,8,12,855,796,1652,52,74,130,160,235,398,0,3,6,219,311,529,11,17,29,9,10,20,105,94,200,127,119,249,11.3,16.4,14.1,5.9,3.2,4.6,0,0,0,6.6,5.3,5.9,61.3,57.7,59.2,81.3,73,77.1,5.3,5,5.2,71.2,64.7,67.9,54.3,48.2,50.9,76.5,70.7,73.6,5.3,5,5.2,66.6,61.3,63.9,12,37,53,105,197,305,0,0,0,121,236,357,77,70,145,587,441,1023,6,6,8,668,513,1179,3,0,3,41,29,67,0,0,0,45,34,76,0,4,9,7,21,33,0,0,0,12,27,36,0,4,3,13,18,27,0,0,0,12,22,32,5,12,15,55,148,203,0,0,0,57,159,219,0,14,19,70,106,173,0,0,0,71,119,192,48,41,90,344,181,521,4,7
ILOC70301401,196,204,408,3459,3590,7049,262,238,504,3922,4038,7956,129,116,248,2740,2617,5358,3,3,12,2875,2739,5616,14,11,23,80,89,174,0,0,0,93,103,193,143,126,271,2820,2705,5529,3,3,12,2972,2841,5806,53,83,135,610,860,1473,4,4,6,674,939,1613,0,0,0,20,26,47,254,232,485,276,258,534,7.7,8.8,8.2,2.9,3.3,3.1,0,0,0,3.1,3.6,3.3,71.9,61,66.3,81.7,75.3,78.4,1.9,2.5,2.2,75.8,70.3,73,66.3,55.6,60.9,79.3,72.8,76,1.9,2.5,2.2,73.4,67.8,70.6,57,56,111,1061,1073,2135,0,3,7,1120,1126,2254,74,55,132,1650,1528,3178,0,5,6,1727,1587,3319,0,0,0,100,77,176,0,0,0,102,77,180,0,9,14,312,333,640,0,0,0,314,342,654,0,0,5,88,168,253,0,0,0,87,172,257,12,14,28,647,958,1609,0,3,3,660,976,1638,11,12,28,360,388,746,0,0,0,373,402,778,57,40,100,759,405,1167,0,0
ILOC70301402,78,107,191,786,873,1658,93,113,211,961,1095,2057,36,49,86,504,566,1068,0,6,0,541,618,1156,3,10,11,27,18,45,0,0,0,33,20,55,40,56,94,533,581,1111,0,6,3,575,635,1207,44,50,93,243,287,532,3,0,3,286,339,624,3,3,10,11,8,17,89,108,199,102,121,226,7.9,11.1,9.8,5.3,2.6,3.9,50,0,25,5.6,3.3,4.4,47.5,49.1,48.4,67.6,66.4,67,2.1,1.8,1.9,59.6,57.9,58.7,43.8,43.6,43.7,64.1,64.6,64.4,1.1,1.8,1.4,56.2,56,56.1,11,25,39,135,248,386,0,6,6,144,276,428,21,21,45,364,310,672,0,0,0,385,328,716,0,0,0,37,20,54,0,0,0,37,19,56,0,5,9,82,96,177,0,0,0,87,100,183,0,0,0,26,45,70,0,0,0,26,44,69,6,8,15,124,232,361,0,0,0,130,244,373,0,5,11,65,71,134,0,0,0,70,75,147,18,27,40,176,67,246,0,0
ILOC70400101,59,52,119,112,80,192,50,27,78,224,167,394,14,16,32,88,58,148,0,0,0,107,75,185,0,0,4,0,0,0,0,0,0,0,5,5,16,10,34,88,59,150,0,0,0,106,75,185,41,39,78,17,19,36,0,0,0,57,56,114,3,3,9,7,0,5,46,27,82,58,34,89,11.1,7.1,9.4,0,1.6,0.7,0,0,0,1.9,2.6,2.2,29,25,27.1,78.6,77.8,78.2,4,0,2.5,48.2,46.1,47.3,25.8,23.2,24.6,78.6,76.5,77.7,4,0,2.5,47.3,44.9,46.3,12,3,15,4,9,8,0,0,0,6,16,24,3,9,17,88,53,138,0,0,0,94,61,156,0,0,0,3,0,8,0,0,0,3,4,11,0,0,0,0,0,6,0,0,0,0,0,6,0,0,0,0,0,0,0,0,0,0,0,0,0,0,0,9,12,15,0,0,0,10,12,19,4,0,4,14,9,21,0,0,0,17,9,25,6,3,14,33,13,44,0,0
ILOC70400102,60,59,116,0,0,0,0,0,0,56,63,116,3,9,15,0,0,0,0,0,0,6,9,14,5,0,6,0,0,0,0,0,0,5,0,6,10,11,21,0,0,0,0,0,0,9,11,25,45,52,97,0,0,0,0,0,0,45,52,97,0,0,0,0,0,0,0,0,0,0,0,0,44.4,20,31.6,0,0,0,0,0,0,36.4,20,28.6,16.1,16.7,16.4,100,0,100,0,0,0,19,16.4,17.6,8.9,13.3,11.2,100,0,100,0,0,0,12.1,13.1,12.6,0,0,4,0,0,0,0,0,0,0,0,4,3,8,4,0,0,0,0,0,0,3,8,5,0,0,0,0,0,0,0,0,0,0,0,0,0,0,0,0,0,0,0,0,0,0,0,0,0,0,0,0,0,0,0,0,0,0,0,0,0,0,0,0,0,0,0,0,0,0,0,0,0,0,0,0,0,0,0,0,0,0,0,0,0,0,0,0,0,0,0,0
ILOC70400103,96,132,232,5,12,15,8,6,14,113,145,260,38,36,73,4,12,14,0,0,0,45,46,86,6,4,10,0,0,0,0,0,0,6,4,10,48,38,86,4,12,14,0,0,0,48,48,104,52,86,141,8,0,8,0,0,0,54,86,147,0,0,0,0,0,0,8,6,14,8,6,14,14.9,14.6,14.8,0,0,0,0,0,0,13.7,12,12.9,48,31.3,38.4,50,100,76.5,0,0,0,44.3,34.2,38.7,40.8,26.7,32.8,50,100,76.5,0,0,0,38.3,30.1,33.7,11,9,19,0,0,0,0,0,0,6,11,20,32,21,58,3,5,9,0,0,0,33,32,68,0,0,0,0,0,0,0,0,0,0,0,0,0,0,0,0,4,4,0,0,0,0,6,6,4,3,4,0,0,0,0,0,0,4,3,4,0,4,4,4,0,11,0,0,0,4,9,11,0,5,4,0,0,0,0,0,0,3,8,9,18,13,29,0,0,0,0,0
ILOC70400104,104,110,213,5,8,10,3,5,15,112,128,239,28,30,61,5,9,9,0,0,0,30,40,68,7,13,18,0,0,0,0,0,0,7,13,18,36,41,76,5,9,9,0,0,0,35,49,83,71,70,140,0,0,0,0,0,0,71,75,140,0,0,0,0,0,0,6,6,12,5,4,16,15.2,27.9,22.4,0,0,0,0,0,0,13.9,23.5,19.5,31.7,38.4,35.2,100,77.8,83.3,0,12.5,7.1,31.9,39.5,36,26.9,27.7,27.3,100,77.8,83.3,0,12.5,7.1,27.4,30.2,28.9,11,12,23,5,4,5,0,0,0,14,17,29,13,11,25,0,0,0,0,0,0,13,14,30,0,0,0,0,0,0,0,0,0,0,0,0,0,0,0,0,0,0,0,0,0,0,0,0,0,0,0,0,0,0,0,0,0,0,0,0,0,0,0,0,3,3,0,0,0,0,3,3,0,0,0,0,0,0,0,0,0,0,0,0,0,0,0,0,3,0,0,0
ILOC70400105,72,56,127,6,5,9,0,3,4,79,69,144,12,15,30,6,7,7,0,0,0,24,15,37,0,0,6,0,0,0,0,0,0,0,0,6,17,17,33,6,7,7,0,0,0,25,17,41,56,42,97,0,0,0,0,0,0,56,46,99,0,0,0,0,0,0,0,0,3,0,0,3,17.6,12.5,15.2,0,0,0,0,0,0,12.5,10.5,11.6,24.3,27.6,25.8,100,75,90.9,0,0,0,30.8,29.2,30.1,20,24.1,21.9,100,75,90.9,0,0,0,26.9,26.2,26.6,5,8,6,3,0,8,0,0,0,6,5,11,7,11,18,4,3,5,0,0,0,9,11,24,0,0,0,0,0,0,0,0,0,0,0,0,0,0,0,0,0,0,0,0,0,0,0,0,0,0,0,0,0,0,0,0,0,0,0,0,0,0,0,3,3,6,0,0,0,3,3,6,0,0,0,0,0,0,0,0,0,0,0,0,6,3,3,0,0,3,0,0
ILOC70400106,48,54,99,66,53,119,20,16,36,135,121,260,13,7,18,42,31,71,0,0,3,53,43,94,0,0,0,0,0,6,0,0,0,0,0,5,12,7,21,39,32,74,0,0,3,55,42,98,28,42,67,28,21,46,5,0,0,56,61,119,4,0,11,0,4,4,15,12,30,18,17,41,7.7,0,4.3,2.4,6.3,4.1,0,0,0,3.6,4.5,4,27.1,18.9,22.8,62.7,59.3,61.2,5.3,11.8,8.3,41.8,35.5,38.8,25,18.9,21.8,61.2,55.6,58.7,5.3,11.8,8.3,40.3,33.9,37.2,3,3,9,3,12,12,0,0,0,8,15,19,11,3,12,36,24,57,0,0,3,43,28,71,0,0,0,0,0,4,0,0,0,0,0,4,0,0,0,4,0,5,0,0,0,4,0,5,0,0,0,0,0,0,0,0,0,0,0,0,0,0,0,0,5,3,0,0,0,0,5,3,0,0,0,7,5,13,0,0,0,7,6,12,5,3,8,20,4,19,0,0
ILOC70400201,69,72,134,205,172,383,44,30,72,312,280,592,34,32,67,188,144,336,0,0,0,224,182,405,9,3,9,0,0,0,0,0,0,9,3,10,41,36,76,188,150,337,0,0,0,235,186,414,21,35,55,15,24,36,0,0,0,37,60,93,4,0,6,8,4,7,40,26,73,46,31,81,16.7,8.3,12.8,0,0.7,0.3,0,0,0,3,2.2,2.7,64.6,50.7,57.4,91.3,84,87.9,2.4,3.1,2.7,74,66.2,70.3,53.8,46.5,50,91.3,83.4,87.7,2.4,3.1,2.7,71.8,64.7,68.5,4,15,19,23,38,65,0,0,0,34,50,86,25,21,47,159,102,265,0,0,0,186,124,310,0,0,0,0,6,6,0,0,0,0,6,6,0,0,0,11,14,28,0,0,0,11,17,31,0,0,0,9,5,17,0,0,0,9,5,17,0,0,0,31,41,72,0,0,0,33,41,69,3,3,12,21,21,48,0,0,0,26,31,61,16,8,28,81,27,103,0,0
ILOC70400202,87,77,165,303,212,510,81,77,157,473,363,831,44,31,82,182,138,321,4,5,9,233,178,412,8,6,13,7,6,12,0,0,0,13,9,21,49,44,94,191,143,330,4,5,9,246,189,433,31,31,62,98,58,156,4,3,9,129,94,220,5,3,5,13,9,26,77,67,142,96,78,174,11.8,16.7,14,3.1,3.5,3.3,0,0,0,4.9,6.4,5.5,58.6,53.8,56.4,63.8,67.3,65.2,4.8,5.5,5.1,52.4,51.9,52.2,51.7,44.9,48.5,61.8,64.9,63.1,4.8,5.5,5.1,49.9,48.6,49.3,5,7,10,16,17,33,0,0,0,13,19,38,42,31,70,155,110,267,0,4,5,199,146,339,0,3,3,27,12,43,4,5,3,30,15,48,0,0,0,6,11,14,0,0,0,6,11,14,0,0,0,0,4,5,0,0,0,4,4,10,0,0,0,20,24,47,0,0,0,20,30,53,3,0,3,7,16,30,0,0,0,12,23,36,20,9,26,76,22,96,3,0
ILOC70400203,5,9,18,0,0,0,0,0,0,5,9,18,5,3,4,0,0,0,0,0,0,5,3,4,5,4,5,0,0,0,0,0,0,5,4,5,8,9,9,0,0,0,0,0,0,8,9,9,0,3,3,0,0,0,0,0,0,0,3,3,0,0,0,0,0,0,0,0,0,0,0,0,33.3,60,45.5,0,0,0,0,0,0,33.3,60,45.5,75,55.6,64.7,0,0,0,0,0,0,75,55.6,64.7,50,22.2,35.3,0,0,0,0,0,0,50,22.2,35.3,3,0,4,0,0,0,0,0,0,3,0,4,3,0,3,0,0,0,0,0,0,3,0,3,0,0,0,0,0,0,0,0,0,0,0,0,0,0,0,0,0,0,0,0,0,0,0,0,0,0,0,0,0,0,0,0,0,0,0,0,0,0,0,0,0,0,0,0,0,0,0,0,0,0,0,0,0,0,0,0,0,0,0,0,0,0,0,0,0,0,0,0
ILOC70400301,870,835,1702,79,79,151,16,17,30,960,929,1888,124,142,264,76,74,144,0,0,0,197,216,410,134,93,226,3,6,4,0,0,0,141,89,231,258,231,491,77,74,145,0,0,0,334,309,636,600,595,1196,3,3,7,0,0,0,603,596,1197,7,10,20,0,0,0,12,17,30,18,32,47,52.5,39.2,46.2,2.7,2.7,2.7,0,0,0,41.3,30.3,36,29.6,27.8,28.7,96.1,97.4,96.8,7.1,0,3.1,34.7,33,33.8,14.1,16.9,15.4,93.5,94.8,94.2,7.1,0,3.1,20.4,23,21.7,26,47,72,12,14,26,0,0,0,35,67,99,88,90,180,57,61,121,0,0,0,151,150,297,0,0,0,0,0,0,0,0,0,0,0,0,0,0,0,7,12,17,0,0,0,7,12,22,0,0,0,5,5,8,0,0,0,4,5,10,5,0,8,25,32,54,0,0,0,26,33,62,7,9,17,6,8,13,0,0,0,13,16,30,75,52,126,25,10,36,0,0
ILOC70400302,134,148,283,6,3,7,0,0,4,141,148,290,4,3,10,3,3,4,0,0,0,13,10,18,17,5,22,0,0,0,0,0,0,17,5,22,23,8,35,3,3,4,0,0,0,28,13,39,103,127,226,0,0,0,0,0,0,103,127,226,8,8,19,0,0,0,0,0,4,10,7,25,65.2,50,60.6,0,0,0,0,0,0,57.7,41.7,52.6,17.2,6.8,11.8,75,100,83.3,0,0,0,18.6,8.1,13.1,6,3.4,4.6,75,100,83.3,0,0,0,7.9,4.7,6.2,0,0,0,0,0,0,0,0,0,0,0,0,5,3,11,3,3,4,0,0,0,7,10,18,0,0,0,0,0,0,0,0,0,0,0,0,0,0,0,0,0,3,0,0,0,0,0,3,0,0,0,0,0,0,0,0,0,0,0,0,0,0,0,0,0,0,0,0,0,0,0,0,0,3,0,0,0,0,0,0,0,0,3,0,0,4,4,0,0,0,0,0
ILOC70400401,99,97,190,8,8,20,0,0,5,110,111,218,22,16,45,8,7,13,0,0,3,37,25,60,4,0,3,0,0,0,0,0,0,4,0,3,24,22,48,8,7,13,0,0,3,35,29,66,66,70,138,0,3,0,0,0,0,73,73,144,4,5,6,0,0,0,0,0,0,3,5,9,7.1,10,8.3,0,0,0,0,0,0,5.7,6.7,6.2,28.3,21.1,24.7,75,80,77.8,33.3,100,60,31.8,28,30,26.3,18.9,22.7,75,80,77.8,33.3,100,60,30,26.2,28.1,8,3,6,0,0,0,0,0,0,8,6,5,22,18,39,4,4,12,0,0,3,27,25,50,0,0,0,0,0,0,0,0,0,0,0,0,0,0,0,0,3,3,0,0,0,0,3,3,0,0,0,0,0,0,0,0,0,0,0,0,0,0,0,0,0,0,0,0,0,0,0,0,0,0,0,0,0,0,0,0,0,0,0,3,12,3,10,7,0,8,0,0
ILOC70400402,345,389,737,51,42,95,23,10,31,423,443,868,92,81,164,44,42,90,0,0,0,134,119,250,32,24,56,3,4,5,0,0,0,33,27,61,124,104,223,49,42,90,0,0,0,168,143,311,221,275,492,7,0,7,0,0,0,223,275,498,6,12,18,0,0,0,23,10,31,34,27,57,26.7,23.3,25.1,4.2,4.8,4.4,0,0,0,20.2,17.9,19.2,34.6,26.4,30.3,92.3,100,95.7,0,0,0,39.9,32.6,36.1,25.4,20.3,22.7,88.5,95.2,91.5,0,0,0,31.8,26.7,29.2,40,27,69,10,12,27,0,0,0,50,41,93,37,36,75,36,25,63,0,0,0,73,65,138,0,0,0,0,0,0,0,0,0,0,0,0,0,0,0,6,5,7,0,0,0,6,5,7,0,0,3,0,0,3,0,0,0,0,3,7,3,0,3,12,14,27,0,0,0,16,18,31,6,0,3,8,6,12,0,0,0,8,7,20,33,18,50,14,9,24,0,0
ILOC70400403,24,22,48,0,0,0,0,3,7,23,27,48,10,3,9,0,0,0,0,0,0,10,3,9,0,0,0,0,0,0,0,0,0,0,0,0,10,3,9,0,0,0,0,0,0,10,3,9,17,20,37,0,0,0,0,0,0,17,20,37,0,0,0,0,0,0,0,3,7,0,3,7,0,0,0,0,0,0,0,0,0,0,0,0,27.3,12.5,19.6,0,0,0,0,0,0,26.1,11.1,18,27.3,12.5,19.6,0,0,0,0,0,0,26.1,11.1,18,0,0,0,0,0,0,0,0,0,0,0,0,3,0,7,0,0,0,0,0,0,3,0,7,0,0,0,0,0,0,0,0,0,0,0,0,0,0,0,0,0,0,0,0,0,0,0,0,0,0,0,0,0,0,0,0,0,0,0,0,0,0,0,0,0,0,0,0,0,0,0,0,0,0,0,0,0,0,0,0,0,0,0,0,0,0,0,0,0,0,0,0
ILOC70400404,38,34,69,0,0,0,0,0,0,36,34,72,19,16,27,0,0,0,0,0,0,16,16,33,0,0,0,0,0,0,0,0,0,0,0,0,19,18,29,0,0,0,0,0,0,16,18,29,20,18,37,0,0,0,0,0,0,20,18,37,0,0,0,0,0,0,0,0,0,0,0,0,0,6.3,3.2,0,0,0,0,0,0,0,6.3,3.1,41.7,47.1,44.3,100,0,100,0,0,0,43.2,47.1,45.1,41.7,44.1,42.9,100,0,100,0,0,0,43.2,44.1,43.7,0,4,4,0,0,0,0,0,0,0,4,4,13,16,24,0,0,0,0,0,0,15,16,30,0,0,0,0,0,0,0,0,0,0,0,0,0,0,0,0,0,0,0,0,0,0,0,0,0,0,0,0,0,0,0,0,0,0,0,0,0,0,0,0,0,0,0,0,0,0,0,0,0,0,0,0,0,0,0,0,0,0,0,0,0,0,0,0,0,0,0,0
ILOC70400405,90,79,169,10,10,19,0,0,0,100,93,188,23,14,37,10,10,19,0,0,0,32,26,60,14,12,23,0,0,0,0,0,0,14,12,23,39,24,59,10,10,19,0,0,0,47,35,77,36,42,75,0,0,0,0,0,0,36,42,78,16,18,29,0,0,0,0,0,0,16,17,32,37.8,40,38.7,0,0,0,0,0,0,30.4,28.6,29.6,42,31.3,36.9,100,100,100,0,0,0,47.4,38,42.9,26.1,18.8,22.6,100,100,100,0,0,0,33,27.2,30.2,16,11,27,4,4,5,0,0,0,21,12,37,11,0,9,0,4,9,0,0,0,12,12,24,0,0,0,0,0,0,0,0,0,0,0,0,0,0,0,0,0,0,0,0,0,0,0,0,0,0,0,0,0,0,0,0,0,0,0,0,0,0,0,0,0,3,0,0,0,0,0,3,0,0,4,0,0,0,0,0,0,0,4,4,4,3,4,5,3,7,0,0
ILOC70400406,142,133,281,13,16,24,6,6,16,166,151,318,36,30,65,8,12,23,0,0,0,46,38,87,54,40,94,0,0,0,0,0,0,54,40,94,90,66,157,8,12,23,0,0,0,105,80,185,40,54,100,0,0,5,0,0,0,43,59,105,9,9,19,0,0,0,6,6,16,15,14,34,59.1,59.7,59.4,0,0,0,0,0,0,52.9,50.6,51.9,63.7,49.6,56.9,91.7,92.3,92,0,0,0,63.4,51.3,57.5,26,20,23.1,91.7,92.3,92,0,0,0,29.9,25.3,27.7,23,18,40,3,4,8,0,0,0,27,22,47,13,8,23,8,12,16,0,0,0,19,15,36,0,0,0,0,0,0,0,0,0,0,0,0,0,0,0,0,0,0,0,0,0,0,0,0,0,0,0,0,0,0,0,0,0,0,0,0,0,0,0,0,8,11,0,0,0,0,8,11,0,0,0,0,0,0,0,0,0,0,0,4,10,6,13,4,0,9,0,0
ILOC70400501,76,61,140,0,0,0,0,0,0,72,61,138,10,10,21,0,0,0,0,0,0,14,10,22,14,19,30,0,0,0,0,0,0,14,19,30,26,24,53,0,0,0,0,0,0,31,24,50,47,41,85,0,0,0,0,0,0,47,41,85,0,0,0,0,0,0,0,0,0,0,0,0,55.6,66.7,60.8,0,0,0,0,0,0,53.6,66.7,59.6,37,37.5,37.2,100,0,100,0,0,0,37.8,37.5,37.7,16.4,12.5,14.6,100,0,100,0,0,0,17.6,12.5,15.2,0,4,0,0,0,0,0,0,0,0,4,0,11,3,15,0,0,0,0,0,0,8,3,16,0,0,0,0,0,0,0,0,0,0,0,0,0,0,0,0,0,0,0,0,0,0,0,0,0,0,0,0,0,0,0,0,0,0,0,0,0,0,0,0,0,0,0,0,0,0,0,0,0,0,0,0,0,0,0,0,0,0,0,0,0,0,3,0,0,0,0,0
ILOC70400502,552,630,1187,87,92,180,28,29,50,665,752,1410,67,76,143,85,86,169,0,0,0,147,163,313,25,18,45,0,0,0,0,0,0,25,23,46,92,92,185,85,87,173,0,0,4,175,185,358,441,513,953,7,5,6,3,4,4,447,519,966,20,26,40,0,0,0,21,21,44,44,45,84,28.6,20.8,24.6,0,1.1,0.6,0,50,33.3,14.9,11.9,13.3,16.5,15.2,15.8,94.3,95.6,95,4,7.4,5.8,26.4,24.7,25.5,11.8,12,11.9,94.3,94.5,94.4,4,3.7,3.8,22.4,21.7,22.1,15,21,37,20,14,37,0,0,0,35,35,72,41,47,84,60,73,135,0,0,0,101,115,218,0,0,0,0,0,6,0,0,0,0,0,6,0,0,0,9,10,18,0,0,0,9,10,18,0,0,0,0,5,9,0,0,0,0,5,9,4,3,4,15,27,45,0,0,0,21,29,50,4,6,9,11,13,28,0,0,0,13,19,35,11,18,20,30,12,37,0,0
ILOC70400601,136,156,292,8,8,21,3,3,7,148,168,320,28,29,58,13,8,15,0,0,0,39,39,74,18,13,29,0,0,0,0,0,0,18,13,29,45,43,86,13,8,15,0,0,0,55,46,104,87,111,197,0,0,0,0,0,0,92,111,199,3,5,11,0,0,0,0,3,3,4,10,14,41.3,25.6,33.7,0,0,0,0,0,0,33.9,22.4,28.6,33.6,27.4,30.3,90.9,100,94.1,0,0,0,37.3,29.2,33,19.7,20.4,20.1,90.9,100,94.1,0,0,0,24.7,22.6,23.6,5,8,15,7,3,5,0,0,0,13,11,22,18,18,38,4,3,9,0,0,0,24,24,48,0,0,0,0,0,0,0,0,0,0,0,0,0,0,0,0,0,0,0,0,0,0,0,0,0,0,0,0,0,0,0,0,0,0,0,0,3,0,5,6,4,4,0,0,0,7,3,8,0,0,0,0,0,0,0,0,0,3,0,0,5,13,18,7,0,7,0,0
ILOC70400602,105,112,218,9,3,18,3,3,9,110,123,235,22,29,52,6,3,17,0,0,0,29,36,63,10,12,20,0,0,0,0,0,0,7,12,16,29,43,69,12,3,14,0,0,0,38,45,84,74,71,138,0,0,0,0,0,0,70,71,144,4,0,5,0,0,0,3,3,9,4,3,11,23.3,25,24.3,12.5,0,7.1,0,0,0,21.1,21.7,21.4,29.4,35.1,32.4,88.9,100,93.3,0,0,0,33.6,37.1,35.4,22.5,26.3,24.5,77.8,100,86.7,0,0,0,26.5,29,27.8,14,10,24,4,0,9,0,0,0,16,8,25,6,20,34,3,5,8,0,0,0,14,26,42,0,0,0,0,0,0,0,0,0,0,0,0,0,0,0,0,0,0,0,0,0,0,0,0,0,0,0,0,0,0,0,0,0,0,3,3,0,0,0,0,0,0,0,0,0,0,4,3,3,0,5,0,0,0,0,0,0,3,0,5,8,9,20,4,0,4,0,0
ILOC70400603,50,39,87,21,12,34,11,7,11,79,51,132,13,11,22,15,15,27,0,0,0,27,25,51,8,4,7,0,0,0,0,0,0,10,4,9,15,14,33,13,15,30,0,0,0,33,27,60,36,19,54,7,4,4,0,0,0,40,25,60,0,0,0,0,0,0,11,0,8,11,5,10,43.8,18.8,31.3,6.7,0,3.7,0,0,0,25.8,10.3,18.3,31.4,44.4,36.8,78.9,80,79.4,0,33.3,10,40.3,53.7,45.8,17.6,36.1,25.3,73.7,80,76.5,0,33.3,10,29.9,48.1,37.4,0,3,4,0,0,0,0,0,0,0,3,4,9,10,14,11,15,25,0,0,0,18,25,46,0,0,0,0,0,0,0,0,0,0,0,0,0,0,0,0,0,0,0,0,0,0,0,0,0,0,0,0,0,4,0,0,0,0,0,4,0,0,0,3,3,10,0,0,0,3,4,7,0,0,0,0,5,5,0,0,0,0,5,5,6,3,11,3,0,10,0,0
ILOC70400604,445,476,926,53,60,111,45,49,96,547,584,1128,84,81,166,53,55,105,0,0,0,134,136,271,49,62,109,0,0,0,0,0,0,55,61,113,139,142,281,52,58,105,0,0,0,185,200,384,296,321,622,0,0,3,12,7,20,313,328,644,11,10,19,0,0,0,33,39,80,44,55,97,37.8,41.7,39.8,1.9,1.9,1.9,0,0,0,27.8,30.8,29.4,30.3,30.1,30.2,94.5,96.4,95.5,0,0,0,34.2,33.9,34.1,18.8,17.6,18.2,92.7,94.6,93.7,0,0,0,24.7,23.5,24.1,28,15,41,12,6,15,0,0,0,37,18,57,58,62,120,40,44,88,0,0,0,99,108,206,0,0,0,0,0,0,0,0,0,0,0,0,0,0,0,6,8,13,0,0,0,6,8,13,0,0,4,4,6,11,0,0,0,0,9,12,3,13,13,13,17,31,0,0,0,18,29,49,0,5,5,3,9,11,0,0,0,3,9,16,12,8,21,15,5,18,0,0
ILOC70500101,89,122,212,53,40,93,17,16,33,160,183,340,30,37,70,35,40,68,3,6,4,64,79,137,3,5,7,0,0,0,0,0,0,3,5,7,32,39,74,35,40,68,3,6,4,64,84,145,54,75,130,13,7,21,0,0,4,76,79,158,0,5,4,4,0,4,14,12,29,18,14,34,9.1,9.8,9.5,0,0,0,0,0,0,4.5,4.9,4.7,35.9,34.2,34.9,64,90.5,76.1,10.5,11.8,11.1,41.6,45.3,43.5,32.6,30.8,31.6,64,90.5,76.1,10.5,11.8,11.1,39.8,43,41.5,0,11,13,6,7,13,0,0,0,9,17,22,24,25,49,25,30,57,0,6,3,51,53,111,0,0,0,0,0,0,0,0,0,0,0,3,0,0,0,3,3,5,0,0,0,3,0,3,0,0,0,0,0,3,0,0,0,0,0,10,0,3,7,3,14,10,0,0,0,5,13,20,3,0,3,4,6,6,0,0,0,5,3,11,3,9,13,18,11,34,0,0
ILOC70500102,56,49,107,21,11,32,4,4,6,80,67,148,19,13,33,18,10,30,0,0,0,33,28,58,8,0,8,0,0,0,0,0,0,8,0,8,23,13,36,18,10,30,0,0,0,38,28,64,29,36,68,3,0,10,0,0,0,35,40,75,0,0,0,0,0,0,4,6,12,3,6,9,17.4,0,10.5,0,0,0,0,0,0,10.3,0,6.2,41.8,30,36.2,72.7,90.9,78.8,0,16.7,11.1,48.8,38.8,44.2,34.5,30,32.4,72.7,90.9,78.8,0,16.7,11.1,43.8,38.8,41.5,6,0,7,0,0,0,0,0,0,6,5,10,6,10,19,13,8,22,0,0,0,26,18,44,0,0,0,0,0,0,0,0,0,0,0,0,0,0,0,0,0,0,0,0,0,0,0,0,0,0,0,0,0,0,0,0,0,0,0,0,0,6,8,0,0,0,0,0,0,6,6,15,0,0,0,5,0,4,0,0,0,4,0,6,5,4,4,14,3,11,0,0
ILOC70500103,38,47,87,0,0,0,6,0,4,39,47,88,5,3,12,0,0,0,0,0,0,5,3,12,0,5,3,0,0,0,0,0,0,0,5,3,6,4,15,0,0,0,0,0,0,6,4,15,28,38,69,0,0,0,0,0,0,28,38,69,0,0,0,0,0,0,6,0,4,6,3,0,12.5,50,28.6,0,0,0,0,0,0,12.5,50,28.6,21.1,13,16.7,0,0,0,0,0,0,20,12.8,16.1,18.4,6.5,11.9,0,0,0,0,0,0,17.5,6.4,11.5,3,0,3,0,0,0,0,0,0,3,0,3,5,0,5,0,0,0,0,0,0,5,0,5,0,0,0,0,0,0,0,0,0,0,0,0,0,0,0,0,0,0,0,0,0,0,0,0,0,0,0,0,0,0,0,0,0,0,0,0,0,4,4,0,0,0,0,0,0,0,4,4,0,0,0,0,0,0,0,0,0,0,0,0,0,0,0,0,0,0,0,0
ILOC70500201,63,63,127,0,0,0,0,4,4,63,66,132,7,10,13,0,0,0,0,0,0,7,10,13,7,3,15,0,0,0,0,0,0,7,3,15,12,12,22,0,0,0,0,0,0,12,12,22,52,51,99,0,0,0,0,0,0,52,51,99,0,3,3,0,0,0,0,4,4,0,4,4,61.5,36.4,50,0,0,0,0,0,0,61.5,36.4,50,20.3,16.9,18.6,0,0,0,0,0,0,20.3,16.4,18.3,7.8,10.8,9.3,0,0,0,0,0,0,7.8,10.4,9.2,0,3,0,0,0,0,0,0,0,0,3,0,6,5,7,0,0,0,0,0,0,6,5,7,0,0,0,0,0,0,0,0,0,0,0,0,0,0,0,0,0,0,0,0,0,0,0,0,0,0,0,0,0,0,0,0,0,0,0,0,0,0,0,0,0,0,0,0,0,0,0,0,0,0,0,0,0,0,0,0,0,0,0,0,0,0,0,0,0,0,0,0
ILOC70500202,100,119,218,13,24,38,13,18,26,125,154,275,34,35,65,15,19,32,0,0,0,48,53,103,15,13,30,0,0,0,0,0,0,15,13,30,47,44,95,15,19,32,0,0,0,66,67,130,45,65,109,0,0,4,0,0,0,46,72,111,0,6,6,0,0,0,8,18,24,8,14,30,32,27.7,29.9,0,0,0,0,0,0,25,19.4,22.1,51,39.8,44.9,92.9,95.2,94.3,10,0,4.2,52.5,43.8,47.6,34.7,28.8,31.5,92.9,95.2,94.3,10,0,4.2,39.3,35.3,37.1,4,9,22,3,7,5,0,0,0,11,19,24,31,18,48,14,13,26,0,0,0,41,37,77,0,0,0,0,0,0,0,0,0,0,0,0,0,0,0,0,0,0,0,0,0,0,0,0,0,0,0,0,3,3,0,0,0,0,3,3,3,0,5,4,5,14,0,0,0,8,9,20,0,0,0,6,8,9,0,0,0,5,3,9,6,3,17,3,0,3,0,0
ILOC70500301,98,109,208,3,9,10,0,0,6,105,118,219,18,33,52,3,9,10,0,0,0,22,41,68,8,0,8,0,0,0,0,0,0,8,0,8,21,33,60,3,9,10,0,0,0,27,41,71,75,74,152,0,0,0,0,0,0,75,74,152,0,0,0,0,0,0,0,0,6,0,0,6,22.7,0,8.6,0,0,0,0,0,0,17.9,0,7,22.4,33,28,100,100,100,0,0,0,26.7,36.8,32,17.3,33,25.6,100,100,100,0,0,0,21.9,36.8,29.7,4,21,29,0,4,7,0,0,0,13,31,37,11,14,23,5,0,5,0,0,0,10,17,30,0,0,0,0,0,0,0,0,0,0,0,0,0,0,0,0,0,0,0,0,0,0,0,0,0,0,0,0,0,0,0,0,0,0,0,0,0,4,6,5,4,7,0,0,0,4,10,13,0,0,0,0,0,0,0,0,0,0,0,3,8,6,13,0,0,0,0,0
ILOC70500303,28,26,52,129,105,233,64,42,100,219,171,390,12,7,24,107,83,196,6,0,6,126,94,226,3,0,10,0,0,0,0,0,0,3,0,5,15,8,31,107,89,194,6,0,6,137,95,231,11,11,24,19,20,42,0,0,0,32,30,62,0,0,0,0,0,0,57,42,93,61,42,99,26.3,9.1,20,0,1.2,0.5,0,0,0,3.7,2.1,3,63.3,47.8,56.6,84.6,81.9,83.4,8.2,0,4.9,60.6,57.4,59.2,46.7,43.5,45.3,84.6,81,83,8.2,0,4.9,58.4,56.2,57.4,7,4,6,6,5,11,0,0,0,10,8,23,8,7,17,103,72,178,6,0,6,112,83,199,0,0,0,0,0,3,0,0,0,0,0,3,0,0,0,4,8,13,0,0,0,4,10,10,0,0,0,4,0,4,0,0,0,4,0,4,0,0,0,8,21,27,0,0,0,8,22,28,0,3,6,17,18,31,0,0,0,20,16,34,9,3,10,35,9,47,0,0
ILOC70500304,87,96,188,0,0,0,0,5,5,94,103,195,19,18,38,0,0,0,0,0,0,19,17,39,8,0,4,0,0,0,0,0,0,8,0,4,23,24,42,0,0,0,0,0,0,23,26,43,67,73,146,0,0,0,0,0,0,67,73,142,0,0,0,0,0,0,0,5,5,0,6,6,17.4,4.8,11.4,0,0,0,0,0,0,17.4,4.5,11.1,25.3,21.6,23.4,0,100,50,0,0,0,25,22,23.4,20.9,20.6,20.7,0,100,50,0,0,0,20.7,21,20.8,6,9,13,0,0,0,0,0,0,6,9,13,13,14,26,0,0,0,0,0,0,13,11,24,0,0,0,0,0,0,0,0,0,0,0,0,0,0,0,0,0,0,0,0,0,0,0,0,0,0,0,0,0,0,0,0,0,0,0,0,0,0,0,0,0,0,0,0,0,0,0,0,0,0,0,0,0,0,0,0,0,0,0,0,15,3,18,0,0,0,0,0
ILOC70500305,31,38,71,3,0,3,0,0,0,37,36,76,7,3,17,3,0,3,0,0,0,13,6,15,0,0,0,0,0,0,0,0,0,0,0,0,9,3,13,3,0,3,0,0,0,9,6,23,22,29,48,0,0,0,0,0,0,22,29,48,0,0,0,0,0,0,0,0,0,0,0,0,11.1,0,6.3,0,0,0,0,0,0,9.1,0,5.3,27.3,20,23.5,100,100,100,0,0,0,30.6,22.2,26.4,24.2,20,22.1,100,100,100,0,0,0,27.8,22.2,25,10,4,12,3,0,3,0,0,0,12,5,8,0,5,4,0,0,0,0,0,0,0,5,4,0,0,0,0,0,0,0,0,0,0,0,0,0,0,0,0,0,0,0,0,0,0,0,0,0,0,0,0,0,0,0,0,0,0,0,0,0,0,0,0,0,0,0,0,0,0,0,0,0,3,3,0,0,0,0,0,0,0,3,3,9,9,17,0,0,0,0,0
ILOC70500306,48,43,93,77,81,156,13,19,33,146,138,287,13,9,18,59,58,118,0,0,0,74,68,138,0,0,5,0,0,0,0,0,0,0,0,5,10,7,19,59,65,119,0,0,0,72,71,144,35,36,72,21,18,39,0,0,0,53,59,113,0,0,0,0,0,0,13,19,33,17,19,31,8.3,14.3,10.5,0,4.8,2.5,0,0,0,1.4,5.8,3.6,25,15.6,20.4,74.7,77.5,76.1,0,0,0,49.7,48.9,49.3,22.9,13.3,18.3,74.7,73.8,74.2,0,0,0,49,46.1,47.5,3,6,7,10,23,34,0,0,0,17,22,40,3,0,3,45,33,81,0,0,0,53,42,88,0,0,0,11,4,9,0,0,0,11,4,9,0,0,0,0,0,4,0,0,0,0,0,4,0,0,0,0,0,3,0,0,0,0,0,3,0,0,0,8,18,24,0,0,0,9,18,23,4,0,3,7,8,23,0,0,0,11,12,23,6,6,11,30,9,40,0,0
ILOC70500307,167,202,368,5,13,23,0,4,4,174,219,390,24,36,59,5,12,17,0,0,0,28,46,77,3,6,9,0,0,0,0,0,0,3,6,9,23,40,69,5,12,17,0,0,0,34,51,85,138,160,297,0,0,0,0,0,0,138,160,299,0,4,0,0,0,0,0,4,4,0,8,7,18.5,10,13.4,0,0,0,0,0,0,15.2,7.7,10.6,16.2,20,18.3,100,92.3,94.7,0,0,0,19.1,23.9,21.7,13.2,18,15.8,100,92.3,94.7,0,0,0,16.2,22,19.4,10,18,30,9,7,14,0,0,0,13,24,42,15,20,28,0,5,3,0,0,0,11,24,38,0,0,0,0,0,0,0,0,0,0,0,0,0,0,0,0,0,0,0,0,0,0,0,0,0,0,0,0,0,0,0,0,0,0,0,0,0,0,0,4,6,8,0,0,0,4,6,8,0,4,5,0,0,4,0,0,0,3,7,7,16,10,32,6,0,3,0,0
ILOC70500308,47,60,108,3,3,5,0,0,0,54,59,112,17,21,38,3,3,5,0,0,0,21,24,41,5,4,9,0,0,0,0,0,0,5,4,9,20,25,45,3,3,5,0,0,0,26,27,50,29,36,57,0,0,0,0,0,0,29,36,57,3,0,3,0,0,0,0,0,0,3,0,3,21.1,12,15.9,0,0,0,0,0,0,16.7,11.1,13.7,41.3,41.7,41.5,100,100,100,0,0,0,47.1,43.5,45.1,32.6,36.7,34.9,100,100,100,0,0,0,39.2,38.7,38.9,3,11,12,3,3,5,0,0,0,9,11,21,9,12,24,0,0,0,0,0,0,9,12,24,0,0,0,0,0,0,0,0,0,0,0,0,0,0,0,0,0,0,0,0,0,0,0,0,0,0,0,0,0,0,0,0,0,0,0,0,0,0,0,0,0,4,0,0,0,3,0,5,0,4,4,0,0,0,0,0,0,0,4,4,9,9,20,3,0,3,0,0
ILOC70500309,41,32,72,0,0,5,0,0,0,42,33,76,21,11,30,0,0,5,0,0,0,21,14,37,3,6,12,0,0,0,0,0,0,3,6,12,22,17,38,0,0,5,0,0,0,20,15,44,18,13,32,0,0,0,0,0,0,18,13,32,0,0,0,0,0,0,0,0,0,0,0,0,13.6,31.3,21.1,0,0,0,0,0,0,12.5,27.8,19,57.9,47.1,52.8,100,100,100,0,0,0,60,50,55.3,50,32.4,41.7,100,100,100,0,0,0,52.5,36.1,44.7,0,5,4,0,0,0,0,0,0,0,5,4,16,6,27,0,0,5,0,0,0,23,9,23,0,0,0,0,0,0,0,0,0,0,0,0,0,0,0,0,0,0,0,0,0,0,0,0,0,0,0,0,0,0,0,0,0,0,0,0,0,0,0,0,0,0,0,0,0,0,0,0,0,0,0,0,0,0,0,0,0,0,0,0,4,4,6,0,0,0,0,0
ILOC70500401,45,30,79,90,63,152,87,60,140,221,154,375,14,4,23,59,35,94,0,0,0,72,39,114,3,3,9,0,0,0,0,0,0,7,3,9,22,4,28,55,35,95,0,0,0,82,43,122,24,29,52,28,30,58,0,0,3,57,56,110,0,0,0,0,0,0,83,54,141,86,54,141,19,33.3,22.2,1.7,0,1.1,0,0,0,6.3,4.8,5.8,44.7,19.4,34.6,65.2,55.4,61,0,0,0,35.9,27.3,32.4,36.2,12.9,26.9,64,55.4,60.4,0,0,0,33.6,26,30.5,5,0,5,0,0,5,0,0,0,0,0,6,12,4,19,53,34,89,0,0,0,69,36,107,0,0,0,7,6,7,0,0,0,7,6,7,0,0,0,0,4,3,0,0,0,0,4,3,0,0,0,0,0,0,0,0,0,0,0,0,0,0,0,10,3,11,0,0,0,8,3,12,0,0,0,8,5,10,0,0,0,8,5,10,14,0,15,21,13,32,0,0
ILOC70500402,191,224,418,11,12,25,5,6,6,202,244,450,15,23,37,6,11,17,0,0,0,22,37,56,17,17,38,0,0,0,0,0,0,17,17,38,34,44,79,6,11,17,0,0,0,41,53,92,153,177,334,0,0,0,0,0,0,153,178,334,7,4,10,0,3,4,5,6,6,10,6,20,59.4,44.4,50.6,0,0,0,0,0,0,50,35.7,41.5,16.8,19.8,18.5,66.7,78.6,73.9,0,0,0,18.8,22.8,21,6.8,11,9.1,66.7,78.6,73.9,0,0,0,9.4,14.6,12.3,5,18,22,5,10,13,0,0,0,14,28,42,7,4,8,4,0,3,0,0,0,7,7,19,0,0,0,0,0,0,0,0,0,0,0,0,0,0,0,4,3,4,0,0,0,4,3,4,0,0,0,0,0,0,0,0,0,0,0,0,0,4,5,0,6,6,0,0,0,0,6,9,3,5,4,0,0,0,0,0,0,3,5,4,5,4,6,4,0,5,0,0
ILOC70500403,37,42,75,0,3,0,0,0,0,33,41,76,7,7,16,0,3,0,0,0,0,5,8,17,5,4,11,0,0,0,0,0,0,5,4,11,11,14,24,0,3,0,0,0,0,12,10,26,20,24,52,0,0,0,0,0,0,20,24,52,0,0,0,0,0,0,0,0,0,0,0,0,46.2,41.7,44,0,0,0,0,0,0,42.9,35.7,39.3,38.2,29.3,33.3,100,100,100,0,0,0,40,32.6,35.9,20.6,17.1,18.7,100,100,100,0,0,0,22.9,20.9,21.8,0,5,8,0,3,0,0,0,0,5,5,10,6,0,7,0,0,0,0,0,0,6,0,7,0,0,0,0,0,0,0,0,0,0,0,0,0,0,0,0,0,0,0,0,0,0,0,0,0,0,0,0,0,0,0,0,0,0,0,0,0,0,0,0,0,0,0,0,0,0,0,0,0,0,0,0,0,0,0,0,0,0,0,0,10,3,13,0,0,0,0,0
ILOC70500404,59,58,118,4,3,7,8,0,9,68,66,138,12,4,19,4,3,7,0,0,0,19,10,33,7,5,17,0,0,0,0,0,0,7,5,17,25,15,36,4,3,7,0,0,0,27,21,45,35,43,83,0,0,0,0,0,0,35,43,83,0,0,0,0,0,0,8,0,9,8,0,9,36.4,46.7,40.5,0,0,0,0,0,0,29.6,35,31.9,37.9,25.9,31.9,100,100,100,0,0,0,38.6,30.8,34.8,24.1,13.8,19,100,100,100,0,0,0,27.1,20,23.7,5,3,8,0,4,7,0,0,0,8,11,18,9,0,12,0,0,5,0,0,0,13,0,11,0,0,0,0,0,0,0,0,0,0,0,0,0,0,0,0,0,0,0,0,0,0,0,0,0,0,0,0,0,0,0,0,0,0,0,0,0,0,0,0,3,3,0,0,0,0,3,3,3,0,3,0,0,0,0,0,0,3,0,7,11,4,13,0,0,0,0,0
ILOC70500405,12,15,24,8,5,17,173,39,214,196,62,252,0,0,0,8,0,10,0,0,0,17,4,14,4,0,4,0,0,0,0,0,0,4,0,4,6,0,3,8,0,10,0,0,0,14,4,19,6,9,17,0,0,0,0,0,0,6,15,23,0,0,0,0,0,0,174,39,214,174,37,209,66.7,0,40,0,0,0,0,0,0,13.3,0,10.5,27.3,14.3,20,100,40,81.3,0.6,0,0.5,7.7,6.8,7.5,9.1,14.3,12,100,40,81.3,0.6,0,0.5,6.7,6.8,6.7,0,0,0,0,0,0,0,0,0,0,0,0,0,0,0,6,0,9,0,0,0,10,4,15,0,0,0,0,0,0,0,0,0,0,0,0,0,0,0,0,0,0,0,0,0,0,0,0,0,0,0,0,0,0,0,0,0,0,0,0,0,0,0,0,0,4,0,0,0,3,0,3,0,0,0,0,0,0,0,0,0,0,0,0,4,0,3,5,0,5,0,0
ILOC70500501,78,80,159,0,0,3,0,0,3,81,82,161,16,5,17,0,0,0,0,0,0,16,4,20,0,0,5,0,0,0,0,0,0,0,0,5,19,5,19,0,0,0,0,0,0,19,6,23,57,67,129,0,0,0,0,0,0,57,67,129,0,0,0,0,0,0,0,0,3,5,3,4,12.5,28.6,17.4,0,0,0,0,0,0,12.5,25,16.7,21.1,8.8,14.7,0,100,50,0,0,0,20.5,9.8,15,18.4,6.3,12.2,0,100,50,0,0,0,17.9,7.3,12.5,0,0,0,0,0,0,0,0,0,0,0,0,12,7,11,0,0,0,0,0,0,12,7,11,0,0,0,0,0,0,0,0,0,0,0,0,0,0,0,0,0,0,0,0,0,0,0,0,0,0,0,0,0,0,0,0,0,0,0,0,0,0,0,0,0,0,0,0,0,0,0,0,0,0,0,0,0,0,0,0,0,0,0,0,5,6,10,0,0,0,0,0
ILOC70500502,562,698,1260,2503,2307,4809,552,443,992,3619,3444,7061,256,291,547,2017,1832,3846,18,15,32,2290,2140,4428,42,30,74,45,41,83,0,0,3,87,71,158,300,320,621,2058,1874,3929,22,16,33,2379,2208,4592,194,275,469,393,397,793,11,12,15,592,687,1278,72,98,166,52,34,89,521,418,937,643,549,1189,14.6,9.7,12.1,2.1,2.1,2.1,4.8,6.7,5.6,3.7,3.2,3.5,53.5,46.2,49.4,82.3,81.2,81.7,3.8,3.4,3.6,65.9,64.1,65,45.6,41.7,43.5,80.5,79.5,80,3.6,3.2,3.4,63.4,62,62.7,63,90,152,610,666,1275,4,6,7,677,764,1438,184,183,368,1365,1155,2523,18,9,27,1568,1345,2920,3,3,4,90,44,135,0,0,6,91,47,143,0,0,0,131,157,286,0,0,0,131,157,286,0,11,13,28,95,123,0,0,0,33,107,137,12,34,43,284,532,812,0,0,0,299,563,861,20,46,65,246,293,535,0,4,4,265,336,608,112,95,211,817,348,1161,7,9
ILOC70500503,68,81,144,8,13,17,7,5,7,81,93,168,10,5,20,10,9,14,0,0,0,17,14,32,3,3,8,0,0,3,0,0,0,4,5,8,12,13,28,9,7,19,0,0,0,25,22,45,54,64,121,3,0,3,0,0,0,51,68,120,0,0,0,0,0,0,7,5,7,7,5,7,20,41.7,29.6,12.5,11.1,11.8,0,0,0,17.4,28.6,22.7,23.1,15.2,18.8,80,90,85,0,0,0,29.5,22.6,25.7,18.5,8.9,13.2,70,80,75,0,0,0,24.4,16.1,19.9,4,0,5,0,3,3,0,0,0,3,4,12,7,7,14,4,5,9,0,0,0,11,10,24,0,0,0,0,0,0,0,0,0,0,0,0,0,0,0,0,0,0,0,0,0,0,0,0,0,0,0,0,0,0,0,0,0,0,0,0,0,0,0,0,5,4,0,0,0,0,6,5,0,0,4,0,0,0,0,0,0,0,3,9,6,0,8,0,3,4,0,0
ILOC70500504,44,57,99,0,0,0,0,0,0,44,57,99,3,8,9,0,0,0,0,0,0,3,8,9,4,4,9,0,0,0,0,0,0,4,4,9,6,6,15,0,0,0,0,0,0,6,6,15,36,48,87,0,0,0,0,0,0,36,48,87,0,0,0,0,0,0,0,0,0,0,0,0,50,44.4,46.7,0,0,0,0,0,0,50,44.4,46.7,14,15.8,15,0,0,0,0,0,0,14,15.8,15,7,8.8,8,0,0,0,0,0,0,7,8.8,8,0,0,0,0,0,0,0,0,0,0,0,0,3,6,7,0,0,0,0,0,0,3,6,7,0,0,0,0,0,0,0,0,0,0,0,0,0,0,0,0,0,0,0,0,0,0,0,0,0,0,0,0,0,0,0,0,0,0,0,0,0,0,0,0,0,0,0,0,0,0,0,0,0,0,0,0,0,0,0,0,0,0,0,0,4,0,8,0,0,0,0,0
ILOC70500601,175,201,376,13,24,35,3,5,10,189,228,419,33,37,66,13,24,35,0,0,0,46,57,107,12,3,15,0,0,0,0,0,0,12,3,15,43,35,82,13,24,35,0,0,0,58,62,115,126,159,288,0,0,0,0,0,0,126,159,288,4,3,6,0,0,0,5,5,6,8,9,17,25.6,7.9,17.3,0,0,0,0,0,0,19.3,4.9,11.9,24.9,18.9,21.7,100,100,100,16.7,0,11.1,29.7,26.9,28.2,18.5,17.4,17.9,100,100,100,16.7,0,11.1,24,25.6,24.8,9,13,20,7,7,9,0,0,0,14,16,25,21,25,50,3,18,24,0,0,0,33,46,76,0,6,3,0,0,0,0,0,0,0,5,4,0,0,0,0,10,9,0,0,0,0,10,9,0,0,0,0,3,3,0,0,0,0,3,3,3,3,8,3,8,11,0,0,0,10,6,13,0,0,0,0,6,11,0,0,0,0,6,10,7,6,12,0,0,3,0,0
ILOC70500701,331,382,713,25,28,47,19,8,27,374,417,788,53,71,123,14,28,46,0,0,0,68,97,168,24,26,50,0,0,0,0,0,0,24,26,52,77,99,174,19,28,46,0,0,0,97,125,222,256,281,533,4,0,4,0,0,0,258,281,534,6,5,11,0,0,0,17,8,25,23,16,36,31.6,27.8,29.5,5.6,0,2.2,0,0,0,26.3,21.6,23.6,22.9,25.5,24.3,81.8,100,92,5.9,0,3.6,25.6,29.8,27.8,15.7,18.4,17.1,77.3,100,90,5.9,0,3.6,18.9,23.4,21.3,19,28,46,3,10,11,0,0,0,23,33,60,30,38,67,15,18,37,0,0,0,45,55,105,0,0,0,0,0,0,0,0,0,0,0,0,0,0,0,5,4,4,0,0,0,5,4,4,0,4,4,0,3,5,0,0,0,0,0,5,9,15,25,5,17,19,0,0,0,8,28,40,0,7,7,0,0,5,0,0,0,0,9,11,34,33,65,7,0,6,0,0
ILOC70500801,16,23,38,3,0,4,0,0,0,18,30,46,0,7,10,3,0,4,0,0,0,4,11,14,5,11,13,0,0,0,0,0,0,5,11,13,12,18,25,3,0,4,0,0,0,18,17,31,4,9,12,0,0,0,0,0,0,4,9,12,0,0,0,0,0,0,0,0,0,0,0,0,63.6,58.8,60.7,0,0,0,0,0,0,50,52.6,51.5,68.8,68,68.3,100,100,100,0,0,0,73.7,67.9,70.2,25,28,26.8,100,100,100,0,0,0,36.8,32.1,34,0,7,7,0,0,0,0,0,0,0,7,9,0,0,0,0,0,6,0,0,0,4,0,12,0,0,0,0,0,0,0,0,0,0,0,0,0,0,0,0,0,0,0,0,0,0,0,0,0,0,0,0,0,0,0,0,0,0,0,0,0,0,0,0,0,0,0,0,0,0,0,0,0,0,0,0,0,0,0,0,0,0,0,0,0,0,0,0,0,0,0,0
ILOC70500802,27,30,57,0,0,4,9,0,6,31,33,69,11,6,16,0,0,0,0,0,0,11,10,19,9,6,12,0,0,0,0,0,0,9,6,12,17,10,24,0,0,0,0,0,0,17,13,22,13,16,30,0,0,0,0,0,0,13,16,36,0,0,0,0,0,0,9,0,6,9,3,7,38.5,30,34.8,0,0,0,0,0,0,38.5,27.3,33.3,50,32.3,40.4,0,100,50,0,0,0,40.6,33.3,36.9,30.8,22.6,26.3,0,100,50,0,0,0,25,24.2,24.6,3,3,7,0,0,0,0,0,0,3,5,9,4,5,7,0,0,0,0,0,0,4,5,7,0,0,0,0,0,0,0,0,0,0,0,0,0,0,0,0,0,0,0,0,0,0,0,0,0,0,0,0,0,0,0,0,0,0,0,0,0,0,0,0,0,0,0,0,0,0,0,0,0,0,0,0,0,0,0,0,0,0,0,0,6,0,12,0,0,0,0,0
ILOC70500803,10,3,14,18,20,39,13,11,24,42,40,80,6,0,6,17,17,40,0,0,0,25,24,44,0,0,4,0,0,0,0,0,0,0,0,4,3,4,7,17,17,40,0,0,0,23,22,50,5,0,8,0,0,0,0,0,0,5,0,8,0,0,0,0,0,4,10,11,23,16,12,25,25,33.3,28.6,0,0,0,0,0,0,4.2,4.3,4.3,44.4,60,50,95,90.9,92.9,7.7,0,4.3,57.1,62.2,59.5,33.3,40,35.7,95,90.9,92.9,7.7,0,4.3,54.8,59.5,57,0,0,0,0,0,0,0,0,0,0,0,0,6,0,0,17,20,37,0,0,0,25,20,43,0,0,0,0,0,0,0,0,0,0,0,0,0,0,0,0,0,0,0,0,0,0,0,0,0,0,0,0,0,0,0,0,0,0,0,0,0,0,0,0,0,0,0,0,0,0,0,0,0,0,0,0,3,8,0,0,0,0,3,8,0,0,0,11,5,10,0,0
ILOC70500804,63,59,122,34,35,65,16,14,35,116,101,220,27,22,49,24,21,47,0,0,0,53,43,101,9,15,26,0,0,0,0,0,0,9,16,28,37,40,76,24,25,51,0,0,0,63,61,126,19,21,41,8,8,18,0,0,0,37,26,61,0,0,0,0,0,0,15,14,35,17,14,35,28.9,39.5,34.2,0,4.2,2,0,0,0,16.9,25.8,21.3,62.3,64.4,63.3,70.3,77.4,73.5,5.6,0,3,56,59,57.5,44.3,39,41.7,70.3,74.2,72.1,5.6,0,3,46.6,43.8,45.2,4,6,9,8,3,10,0,0,0,9,13,19,21,17,33,22,21,38,0,0,0,38,40,78,0,0,0,0,0,0,0,0,0,0,0,0,0,0,0,0,0,3,0,0,0,0,0,3,0,0,0,0,0,0,0,0,0,0,4,4,0,0,0,9,4,16,0,0,0,9,9,14,0,0,0,0,9,7,0,0,0,0,8,12,19,11,31,10,3,18,0,0
ILOC70500805,46,41,88,59,52,114,27,19,44,134,120,252,8,4,14,53,49,105,0,0,0,59,54,112,7,6,19,0,0,0,0,0,0,7,7,19,16,17,29,53,52,100,0,0,0,66,65,133,29,23,51,7,3,14,3,0,3,32,29,70,0,0,4,0,0,0,26,19,45,26,23,48,53.3,60,56.7,0,2,1,0,0,0,11.8,15.4,13.5,34.1,34.9,34.5,85.5,90.9,88,0,0,0,51.1,55.6,53.2,15.9,14,14.9,85.5,89.1,87.2,0,0,0,45.1,47,46,3,3,6,4,0,8,0,0,0,14,3,14,5,3,6,45,48,92,0,0,0,53,49,97,0,0,0,0,0,0,0,0,0,0,4,3,0,0,0,0,0,3,0,0,0,0,0,3,0,0,0,0,4,4,0,0,0,0,4,4,0,0,0,5,12,12,0,0,0,5,11,15,0,0,0,8,0,6,0,0,0,8,0,6,8,7,15,19,12,29,0,0
ILOC70500901,33,36,70,4,0,4,6,9,11,43,39,80,11,0,9,4,0,4,0,0,0,11,0,17,13,10,16,0,0,0,0,0,0,13,10,16,17,13,30,4,0,4,0,0,0,23,13,31,11,22,40,0,0,0,0,0,0,11,22,40,5,0,4,0,0,0,6,9,11,5,4,11,52.6,80,62.1,0,0,0,0,0,0,47.6,80,58.1,55.9,27.8,41.4,100,0,100,0,0,0,52.5,23.8,37.8,26.5,5.6,15.7,100,0,100,0,0,0,27.5,4.8,15.9,4,0,3,0,0,0,0,0,0,3,0,3,3,0,3,0,0,0,0,0,0,11,0,11,0,0,0,0,0,0,0,0,0,0,0,0,0,0,0,0,0,0,0,0,0,0,0,0,0,0,0,0,0,0,0,0,0,0,0,0,0,0,0,0,0,0,0,0,0,0,0,0,0,0,0,0,0,0,0,0,0,0,0,0,4,5,9,0,0,0,0,0
ILOC70500902,15,11,21,44,30,69,20,5,23,78,41,114,12,3,9,39,30,66,0,0,0,45,32,79,0,0,0,0,0,0,0,0,0,0,0,0,13,3,8,39,30,66,0,0,0,46,32,80,5,9,14,6,0,6,0,0,0,5,9,17,0,0,0,0,0,0,20,5,23,20,0,24,11.1,0,9.1,0,0,0,0,0,0,2.1,0,1.3,60,22.2,45.8,90.7,100,94.4,0,0,0,62.3,75,66.7,53.3,22.2,41.7,90.7,100,94.4,0,0,0,61,75,65.8,0,0,3,0,0,0,0,0,0,0,0,3,3,0,6,39,30,66,0,0,0,42,32,74,0,0,0,0,0,0,0,0,0,0,0,0,0,0,0,0,0,0,0,0,0,0,0,0,0,0,0,0,0,0,0,0,0,0,0,0,0,0,0,0,4,4,0,0,0,0,4,4,0,0,0,6,4,12,0,0,0,5,4,8,0,0,0,16,7,22,0,0
ILOC70500903,73,94,170,10,10,21,3,3,8,89,107,195,16,22,45,5,5,14,0,0,0,29,34,62,23,9,34,0,0,0,0,0,0,23,9,34,42,35,77,5,5,14,0,0,0,56,43,97,33,55,88,0,0,0,0,0,0,32,63,93,0,0,4,0,0,0,0,3,5,5,4,5,53.5,28.6,42.3,0,0,0,0,0,0,44.2,22.7,34.4,56.6,37.2,45.9,88.9,90,89.5,50,0,14.3,59.8,40.4,49,26.3,26.6,26.5,88.9,90,89.5,50,0,14.3,33.3,31.2,32.1,12,8,22,3,4,7,0,0,0,17,14,31,8,15,18,5,3,10,0,0,0,10,18,28,0,0,0,0,0,0,0,0,0,0,0,0,0,0,0,0,0,0,0,0,0,0,0,0,0,0,0,0,0,0,0,0,0,0,0,0,0,0,0,4,4,7,0,0,0,4,4,7,0,0,0,0,5,3,0,0,0,3,4,6,10,7,22,4,0,4,0,0
ILOC70600101,18,11,24,193,196,389,55,35,91,260,246,501,13,6,22,184,172,356,0,0,0,204,181,382,0,0,0,0,3,5,0,0,0,0,3,5,13,6,22,187,172,360,0,0,0,199,182,381,3,0,3,4,24,29,0,0,0,4,24,32,0,0,0,0,0,0,45,39,85,52,42,90,0,0,0,0.5,1.2,0.8,0,0,0,0.5,1.1,0.8,86.7,88.9,87.5,96.9,87.8,92.3,5.8,2.6,4.4,78,74.6,76.3,86.7,88.9,87.5,96.4,86.8,91.5,5.8,2.6,4.4,77.6,73.8,75.7,0,10,7,18,41,63,0,0,0,22,44,64,13,0,10,156,127,290,0,0,0,174,132,307,0,0,0,4,6,8,0,0,0,4,6,8,0,0,0,10,13,24,0,0,0,10,13,24,0,0,0,4,17,15,0,0,0,4,17,15,0,4,4,31,50,77,0,0,0,31,55,84,4,0,4,18,25,46,0,0,0,17,30,50,4,0,5,79,34,110,0,0
ILOC70600102,332,360,691,12,8,17,4,0,4,350,368,714,59,57,115,11,5,15,0,0,0,65,67,130,40,44,84,0,0,0,0,0,0,40,44,84,97,106,202,11,5,15,0,0,0,110,115,221,226,239,462,3,0,4,0,0,0,225,235,468,11,16,24,0,0,0,4,0,4,18,16,30,40.2,45.3,42.9,0,0,0,0,0,0,36.1,42.9,39.5,29.2,29.6,29.4,78.6,85.7,81,0,0,0,30.9,30.7,30.8,17.5,16.2,16.8,78.6,85.7,81,0,0,0,19.8,17.5,18.6,23,19,46,4,0,4,0,0,0,27,22,50,33,34,64,7,3,13,0,0,0,42,42,78,0,0,0,0,0,0,0,0,0,0,0,0,0,0,0,0,0,0,0,0,0,0,0,0,0,0,0,0,0,0,0,0,0,0,0,0,0,0,0,7,0,8,0,0,0,7,0,8,4,7,10,0,0,0,0,0,0,4,10,12,21,15,30,0,0,0,0,0
ILOC70600103,58,38,96,31,25,57,62,41,103,154,106,256,15,10,25,33,22,55,0,0,0,49,31,77,9,10,15,0,0,0,0,0,0,9,10,15,30,12,39,33,22,55,0,0,0,61,38,95,24,23,49,0,0,0,0,0,0,28,23,53,5,0,4,0,0,0,62,41,103,65,46,106,35.7,46.2,39,0,0,0,0,0,0,16.7,16.7,16.7,50.9,32.5,43.2,94.1,95.8,94.8,0,0,0,40,34,37.5,32.7,17.5,26.3,94.1,95.8,94.8,0,0,0,33.3,28.3,31.3,7,0,0,0,10,11,0,0,0,6,10,10,13,9,21,30,16,47,0,0,0,39,21,61,0,0,0,0,0,0,0,0,0,0,0,0,0,0,0,0,5,8,0,0,0,0,5,8,0,0,0,0,0,0,0,0,0,0,0,0,0,0,0,6,3,10,0,0,0,11,3,13,0,0,0,0,5,4,0,0,0,0,5,4,8,0,10,13,6,18,0,0
ILOC70600104,39,39,78,0,0,9,7,0,7,46,41,93,12,10,14,0,0,9,0,0,0,15,8,22,0,0,0,0,0,0,0,0,0,0,0,0,12,7,19,0,0,9,0,0,0,15,7,20,29,29,57,0,0,0,0,0,0,29,29,57,5,0,5,0,0,0,7,0,7,13,0,13,0,12.5,5.6,0,0,0,0,0,0,0,11.1,4.3,25,20,22.5,100,100,100,0,0,0,28,22,25.3,25,17.5,21.3,100,100,100,0,0,0,28,19.5,24.2,4,10,9,0,0,4,0,0,0,3,8,12,7,0,7,5,0,5,0,0,0,9,0,9,0,0,0,0,0,0,0,0,0,0,0,0,0,0,0,0,0,0,0,0,0,0,0,0,0,0,0,0,0,0,0,0,0,0,0,0,0,0,0,0,0,0,0,0,0,0,0,0,0,0,0,0,0,0,0,0,0,0,0,0,0,0,0,0,0,0,0,0
ILOC70600105,168,181,351,7,9,21,10,11,16,183,208,391,29,29,56,7,9,21,0,0,0,37,39,79,12,12,26,0,0,0,0,0,0,12,12,26,42,38,80,7,9,21,0,0,0,51,57,103,121,127,247,0,0,0,4,0,3,122,131,254,5,15,24,0,0,0,5,4,11,17,23,39,32.5,31.7,32.1,0,0,0,0,0,0,27.1,24.5,25.7,24,22.2,23,100,100,100,0,0,0,26.1,25.6,25.8,16.2,15.1,15.6,100,100,100,0,0,0,19,19.3,19.2,16,14,23,0,9,10,0,0,0,18,15,32,16,17,27,3,5,14,0,0,0,16,21,40,0,0,0,0,0,0,0,0,0,0,0,0,0,0,0,0,0,0,0,0,0,0,0,0,0,0,0,0,0,0,0,0,0,0,0,0,0,0,0,0,3,0,0,0,0,0,0,6,0,5,5,0,0,0,0,0,0,0,6,3,8,5,16,0,0,7,0,0
ILOC70600201,244,261,503,21,25,44,4,8,16,266,288,559,41,48,90,16,23,39,0,0,0,60,72,130,4,4,15,0,0,0,0,0,0,4,8,13,42,52,97,16,25,41,0,0,0,63,77,141,188,202,398,0,0,0,0,0,0,195,205,397,7,5,7,0,0,0,4,8,11,8,12,21,10.9,14.8,13,0,4.3,2.4,0,0,0,7.8,11.5,9.9,19,20.8,20,94.7,95.8,95.3,0,11.1,7.1,24.1,26.7,25.4,16.9,17.8,17.4,94.7,91.7,93,0,11.1,7.1,22.2,23.6,22.9,9,11,19,6,10,14,0,0,0,17,15,34,27,24,50,14,16,25,0,0,0,38,40,81,0,0,0,0,0,0,0,0,0,0,0,0,0,0,0,0,6,7,0,0,0,0,6,7,0,0,0,0,0,0,0,0,0,0,0,0,0,3,3,7,14,23,0,0,0,8,12,25,0,0,4,0,0,4,0,0,0,3,4,9,7,6,13,4,0,9,0,0
ILOC70600202,16,31,48,0,0,0,0,0,0,16,31,48,7,0,9,0,0,0,0,0,0,7,0,9,0,0,0,0,0,0,0,0,0,0,0,0,7,0,9,0,0,0,0,0,0,7,0,9,8,32,36,0,0,0,0,0,0,8,32,36,0,0,0,0,0,0,0,0,0,0,0,0,0,0,0,0,0,0,0,0,0,0,0,0,43.8,9.1,20.4,0,0,0,0,0,0,43.8,9.1,20.4,43.8,9.1,20.4,0,0,0,0,0,0,43.8,9.1,20.4,0,0,0,0,0,0,0,0,0,0,0,0,4,0,5,0,0,0,0,0,0,4,0,5,0,0,0,0,0,0,0,0,0,0,0,0,0,0,0,0,0,0,0,0,0,0,0,0,0,0,0,0,0,0,0,0,0,0,0,0,0,0,0,0,0,0,0,0,0,0,0,0,0,0,0,0,0,0,0,0,0,0,0,0,0,4,4,0,0,0,0,0
ILOC70600301,18,27,46,0,0,0,0,0,0,18,27,46,3,3,5,0,0,0,0,0,0,3,3,5,0,0,0,0,0,0,0,0,0,0,0,0,3,3,6,0,0,0,0,0,0,3,3,6,9,22,38,0,0,0,0,0,0,9,22,38,0,0,0,0,0,0,0,0,0,0,0,0,40,0,28.6,0,0,0,0,0,0,40,0,28.6,31.3,7.7,16.7,0,0,0,0,0,0,31.3,7.7,16.7,18.8,7.7,11.9,0,0,0,0,0,0,18.8,7.7,11.9,0,0,0,0,0,0,0,0,0,0,0,0,3,0,6,0,0,0,0,0,0,3,0,6,0,0,0,0,0,0,0,0,0,0,0,0,0,0,0,0,0,0,0,0,0,0,0,0,0,0,0,0,0,0,0,0,0,0,0,0,0,0,0,0,0,0,0,0,0,0,0,0,0,0,0,0,0,0,0,0,0,0,0,0,3,0,3,0,0,0,0,0
ILOC70600302,31,30,63,0,0,0,0,5,5,31,36,64,6,5,10,0,0,0,0,0,0,6,5,10,0,0,0,0,0,0,0,0,0,0,0,0,6,4,13,0,0,0,0,0,0,6,4,13,20,24,40,0,0,0,0,0,0,20,24,40,3,3,6,0,0,0,0,5,5,3,4,5,0,12.5,7.7,0,0,0,0,0,0,0,12.5,7.7,17.2,24.2,21,0,0,0,0,0,0,17.2,22.9,20.3,17.2,21.2,19.4,0,0,0,0,0,0,17.2,20,18.8,0,0,0,0,0,0,0,0,0,0,0,0,6,8,9,0,0,0,0,0,0,6,8,9,0,0,0,0,0,0,0,0,0,0,0,0,0,0,0,0,0,0,0,0,0,0,0,0,0,0,0,0,0,0,0,0,0,0,0,0,0,0,0,0,0,0,0,0,0,0,0,0,0,0,0,0,0,0,0,0,0,0,0,0,0,0,0,0,0,0,0,0
ILOC70600303,17,12,29,0,0,3,4,0,3,19,13,36,0,0,0,0,0,0,0,0,0,0,0,0,3,0,3,0,0,0,0,0,0,3,0,3,3,0,3,0,0,0,0,0,0,3,0,3,14,11,23,0,0,0,0,0,0,14,11,23,0,0,0,0,0,3,4,0,3,6,4,10,100,100,100,0,0,0,0,0,0,100,100,100,20,8.3,14.8,0,0,0,0,0,0,15,7.1,11.8,0,0,0,0,0,0,0,0,0,0,0,0,0,0,0,0,0,0,0,0,0,0,0,0,0,0,0,0,0,0,0,0,0,0,0,0,0,0,0,0,0,0,0,0,0,0,0,0,0,0,0,0,0,0,0,0,0,0,0,0,0,0,0,0,0,0,0,0,0,0,0,0,0,0,0,0,0,0,0,0,0,0,0,0,0,0,0,0,0,0,0,0,0,0,0,0,5,0,5,0,0,0,0,0
ILOC70600304,84,78,161,0,0,0,4,0,4,90,78,166,11,13,24,0,0,0,0,0,0,11,13,24,3,4,7,0,0,0,0,0,0,3,4,7,12,8,30,0,0,0,0,0,0,12,8,30,58,55,114,0,0,0,0,0,0,58,55,114,13,11,24,0,0,0,4,0,4,18,11,28,28.6,16.7,23.1,0,0,0,0,0,0,28.6,16.7,23.1,16.5,15.6,16,0,0,0,0,0,0,15.7,15.6,15.7,11.8,13,12.3,0,0,0,0,0,0,11.2,13,12,0,4,6,0,0,0,0,0,0,0,4,6,8,6,15,0,0,0,0,0,0,8,6,15,0,0,0,0,0,0,0,0,0,0,0,0,0,0,0,0,0,0,0,0,0,0,0,0,0,4,4,0,0,0,0,0,0,0,4,4,0,0,0,0,0,0,0,0,0,0,0,0,0,0,3,0,0,0,0,0,0,0,0,3,7,0,7,0,0,0,0,0
ILOC70600305,37,31,69,3,0,4,3,0,5,36,36,72,16,14,27,3,0,4,0,0,0,14,13,31,4,3,3,0,0,0,0,0,0,4,3,3,16,13,28,3,0,4,0,0,0,18,16,34,18,21,34,0,0,0,0,0,0,18,21,34,0,0,0,0,0,0,3,0,5,3,4,6,17.6,14.3,16.1,0,0,0,0,0,0,15.8,13.3,14.7,48.6,42.4,45.6,100,100,100,0,0,0,48.7,41.7,45.3,40,36.4,38.2,100,100,100,0,0,0,41,36.1,38.7,5,0,10,0,0,0,0,0,0,5,0,10,11,11,17,3,0,4,0,0,0,14,7,19,0,0,0,0,0,0,0,0,0,0,0,0,0,0,0,0,0,0,0,0,0,0,0,0,0,0,0,0,0,0,0,0,0,0,0,0,0,0,0,0,0,0,0,0,0,0,0,0,0,6,6,0,0,0,0,0,0,0,6,6,0,0,0,0,0,0,0,0
ILOC70600401,703,768,1473,66,56,121,12,12,21,787,831,1615,135,173,310,63,46,106,0,0,0,194,221,420,107,91,198,0,0,0,0,0,0,111,92,200,242,267,508,61,46,110,0,0,0,299,312,616,430,467,901,5,6,7,0,0,0,438,478,911,28,31,61,0,0,0,12,12,21,44,44,90,44,35,39.3,1.7,2,1.8,0,0,0,35.6,29.8,32.7,34.6,34.7,34.6,89.6,89.1,89.3,0,0,0,38.6,37.9,38.2,19.3,22.6,21,88.1,87.3,87.7,0,0,0,24.8,26.6,25.7,22,41,63,13,13,27,0,0,0,30,53,88,96,114,206,48,31,78,0,0,0,141,144,287,0,0,0,0,0,0,0,0,0,0,0,0,0,0,6,12,13,19,0,0,0,12,13,20,0,5,5,10,3,8,0,0,0,10,5,8,0,9,9,12,19,28,0,0,0,12,30,40,3,16,22,11,4,11,0,0,0,11,23,36,31,34,64,15,9,27,0,0
ILOC70600402,147,158,308,11,8,13,0,6,6,156,170,323,8,20,27,10,4,12,0,0,0,16,24,43,13,12,25,0,0,0,0,0,0,13,12,25,21,32,58,10,4,12,0,0,0,30,40,70,116,123,245,0,0,0,0,0,0,118,128,244,9,3,5,0,0,0,0,6,7,9,5,12,47.8,40.6,43.6,0,0,0,0,0,0,36.7,34.2,35.3,15.9,20,18,87.5,85.7,86.7,0,0,0,19.2,22.4,20.9,8.3,11.9,10.2,87.5,85.7,86.7,0,0,0,12.2,14.7,13.5,4,0,0,0,0,0,0,0,0,4,0,0,7,12,21,10,4,12,0,0,0,14,16,33,0,0,0,0,0,0,0,0,0,0,0,0,0,0,0,0,3,3,0,0,0,0,3,3,0,0,0,0,0,0,0,0,0,0,0,0,0,0,0,5,3,9,0,0,0,5,3,9,0,4,4,0,0,0,0,0,0,0,4,4,5,0,4,0,0,0,0,0
ILOC70600501,61,79,146,13,10,22,6,4,6,77,93,175,17,14,28,8,6,19,0,0,0,22,17,42,3,9,8,0,0,0,0,0,0,3,9,8,19,20,38,8,6,19,0,0,0,30,26,53,48,62,108,3,0,8,0,0,0,47,61,112,0,0,0,0,0,0,6,4,6,6,4,6,22.2,25,23.7,0,0,0,0,0,0,14.8,19.2,17,28.6,24.7,26.4,81.8,60,71.4,0,0,0,35.1,27.4,30.8,22.2,18.5,20.1,81.8,60,71.4,0,0,0,29.9,22.1,25.6,0,4,7,0,0,0,0,0,0,3,4,7,13,6,25,7,6,16,0,0,0,22,12,36,0,0,0,0,0,0,0,0,0,0,0,0,0,0,0,0,0,0,0,0,0,0,0,0,0,0,0,0,0,0,0,0,0,0,0,0,0,4,4,4,6,6,0,0,0,4,4,7,0,0,0,0,0,3,0,0,0,4,4,4,3,4,7,3,3,3,0,0
ILOC70600502,141,132,275,835,829,1667,292,235,530,1265,1201,2471,54,72,127,728,709,1441,7,0,5,786,787,1577,5,0,9,20,12,29,0,0,0,25,15,37,60,73,131,748,723,1473,7,0,5,809,804,1612,84,58,140,80,105,185,0,0,0,167,159,325,4,6,0,5,9,13,285,237,522,290,247,535,5.4,5.3,5.3,2.7,1.5,2.1,0,0,0,2.8,1.9,2.4,40,56.7,48.2,89.6,87.1,88.4,2.1,0.8,1.5,64,66.6,65.3,37.9,53.7,45.6,87.2,85.8,86.5,2.1,0.8,1.5,62.2,65.4,63.7,8,22,33,94,262,349,0,0,0,97,283,379,44,47,94,627,443,1071,5,0,8,674,488,1168,0,5,4,24,22,40,0,0,0,25,22,47,0,0,0,37,66,105,0,0,0,37,71,104,0,0,0,14,60,77,0,0,0,16,60,77,4,8,15,102,195,299,0,0,0,108,208,311,0,7,14,72,78,154,0,0,0,73,89,161,30,21,50,344,132,479,0,0
ILOC70600601,251,280,534,18,15,34,5,6,10,282,301,580,40,44,85,19,15,32,0,0,0,56,58,112,14,10,29,0,0,0,0,0,0,14,10,29,55,57,107,19,15,32,0,0,0,71,70,145,199,223,424,3,0,3,0,0,0,207,223,424,0,4,6,0,0,0,5,6,10,7,6,16,30.2,21.4,25.7,0,0,0,0,0,0,22.5,16.9,19.7,20.8,20.1,20.4,90,100,94.3,0,0,0,25.4,23.7,24.5,14.5,15.8,15.2,90,100,94.3,0,0,0,19.6,19.7,19.7,20,20,36,7,5,9,0,0,0,25,26,49,18,19,37,9,11,21,0,0,0,24,32,62,0,0,0,0,0,0,0,0,0,0,0,0,0,0,0,3,0,7,0,0,0,3,0,7,0,0,0,0,0,3,0,0,0,0,6,5,3,3,3,6,5,12,0,0,0,6,9,12,4,8,6,0,0,0,0,0,0,3,9,10,13,16,30,0,0,0,0,0
ILOC70600701,397,372,768,17,25,44,11,10,23,426,406,832,51,59,110,16,25,44,0,0,0,70,82,154,33,28,59,0,0,0,0,0,0,33,28,59,87,82,174,16,25,44,0,0,0,102,110,215,304,277,583,3,0,3,0,0,0,305,277,587,5,8,13,0,0,0,11,10,23,17,15,35,40.2,31.4,35.8,0,0,0,0,0,0,33.7,24.3,28.8,21.9,23.2,22.5,89.5,100,95.5,0,0,0,24.4,27.3,25.8,13.1,15.9,14.5,89.5,100,95.5,0,0,0,16.2,20.7,18.4,12,17,30,4,10,14,0,0,0,17,24,41,33,37,69,14,16,29,0,0,0,49,52,100,0,0,0,0,0,0,0,0,0,0,0,0,0,0,0,3,0,5,0,0,0,3,0,5,0,0,0,0,5,5,0,0,0,0,5,5,4,3,3,10,14,20,0,0,0,9,16,28,0,4,3,5,5,7,0,0,0,0,6,9,6,3,14,4,0,5,0,0
ILOC70600704,271,283,553,26,21,51,7,7,14,299,311,614,27,24,51,20,20,42,0,0,0,53,49,96,12,12,21,0,0,3,0,0,0,10,8,22,41,30,70,26,25,46,0,0,0,58,56,118,230,245,471,0,4,4,0,0,0,230,249,478,6,3,7,0,0,0,7,7,14,9,8,18,26.3,26.5,26.4,4.2,4.5,4.3,0,0,0,17.7,17.9,17.8,14,12.1,13,100,91.7,95.8,0,0,0,20.5,17.9,19.2,10.3,8.9,9.6,95.8,87.5,91.7,0,0,0,16.9,14.7,15.8,11,7,16,8,0,9,0,0,0,20,10,26,11,16,32,14,17,31,0,0,0,27,35,66,0,0,0,0,0,0,0,0,0,0,0,0,0,0,0,0,3,9,0,0,0,0,5,5,0,0,0,0,0,5,0,0,0,0,0,5,3,7,5,0,10,15,0,0,0,5,12,22,0,0,0,4,0,6,0,0,0,4,0,6,5,0,9,5,3,10,0,0
ILOC70600705,70,65,134,7,5,9,0,0,0,77,70,143,15,8,25,3,5,8,0,0,0,19,11,31,12,10,26,0,0,0,0,0,0,12,10,26,28,24,47,3,5,8,0,0,0,31,23,56,38,43,80,0,0,0,0,0,0,40,43,81,7,0,6,0,0,0,0,0,0,7,0,6,44.4,50,46.8,0,0,0,0,0,0,38.7,41.7,40,37.5,31.3,34.6,80,100,88.9,0,0,0,40.3,35.3,37.9,20.8,15.6,18.4,80,100,88.9,0,0,0,24.7,20.6,22.8,5,0,3,0,0,0,0,0,0,5,0,3,13,7,20,3,5,8,0,0,0,18,13,29,0,0,0,0,0,0,0,0,0,0,0,0,0,0,0,0,0,0,0,0,0,0,0,0,0,0,0,0,0,0,0,0,0,0,0,0,0,0,0,0,4,4,0,0,0,0,4,4,0,0,0,0,0,0,0,0,0,0,0,0,0,0,4,0,0,5,0,0
ILOC70600801,185,233,408,42,45,94,6,7,12,235,283,517,53,59,114,30,35,68,0,0,0,88,94,181,13,9,25,0,0,0,0,0,0,13,13,24,73,73,140,30,38,71,0,0,0,100,111,210,106,150,255,15,8,21,0,0,0,116,154,273,5,13,17,3,0,3,6,7,12,15,20,34,19.7,17.4,18.6,0,2.5,1.4,0,0,0,13.7,11.9,12.8,39,30.1,34.1,68.9,85.1,77.2,0,0,0,43.8,38.4,40.8,31.3,24.9,27.7,68.9,83,76.1,0,0,0,37.8,33.8,35.6,14,15,31,6,10,13,0,0,0,21,25,47,42,37,82,22,31,54,0,0,0,67,67,137,0,0,0,0,0,0,0,0,0,0,0,0,0,0,0,3,11,15,0,0,0,3,11,15,0,0,3,0,6,6,0,0,0,3,7,9,0,6,9,8,13,24,0,0,0,15,18,33,8,10,7,0,6,9,0,0,0,7,13,16,16,12,30,12,0,9,0,0
ILOC70700101,104,120,221,17,17,33,0,0,5,127,136,262,18,30,46,12,15,26,0,0,0,34,41,76,30,9,48,0,0,0,0,0,0,33,9,45,49,37,87,14,15,29,0,0,0,64,54,117,51,75,123,5,0,6,0,0,0,52,72,126,3,5,9,0,0,0,0,0,5,6,8,16,60.8,32.5,48.4,6.7,0,3.3,0,0,0,48.5,23.6,37.2,48.1,34.5,41,83.3,88.2,85.7,0,0,0,51.6,40.7,46,18.9,23.3,21.2,77.8,88.2,82.9,0,0,0,26.6,31.1,28.9,10,13,26,6,0,7,0,0,0,18,15,30,6,17,21,10,8,20,0,0,0,21,26,43,0,0,0,0,0,3,0,0,0,0,0,3,0,0,0,0,0,0,0,0,0,0,0,0,0,0,0,0,0,5,0,0,0,0,0,5,0,0,0,5,5,6,0,0,0,5,5,6,0,0,0,4,4,11,0,0,0,4,4,11,11,10,17,0,0,7,0,0
ILOC70700201,119,111,232,9,4,11,3,4,10,133,125,252,22,19,46,9,4,11,0,3,3,27,27,56,8,3,14,0,0,0,0,0,0,8,3,14,31,23,55,9,4,11,0,3,3,36,28,69,87,88,172,0,0,0,0,0,0,87,88,177,6,4,10,0,0,0,0,3,0,8,5,10,25.8,13,20.4,0,0,0,0,0,0,22.2,10,16.7,25.4,20.4,23,100,100,100,0,50,28.6,27.7,24.6,26.2,18.9,17.7,18.3,100,100,100,0,50,28.6,21.5,22.1,21.8,10,7,18,4,5,3,0,0,0,11,13,27,12,7,17,4,7,6,0,0,0,17,15,24,0,0,0,0,0,0,0,0,0,0,0,0,0,0,0,0,0,0,0,0,0,0,0,0,0,0,0,0,0,0,0,0,0,0,0,0,0,0,0,0,5,3,0,0,0,3,5,6,0,0,0,0,0,0,0,0,0,0,0,0,0,0,0,0,0,3,0,0
ILOC70700301,25,14,44,106,78,188,27,11,34,159,105,259,17,4,18,97,68,163,3,0,3,114,68,189,0,0,0,0,0,0,0,0,0,0,0,0,17,4,23,97,68,163,3,0,3,114,71,189,12,11,18,8,14,17,0,0,0,18,22,34,0,0,0,0,0,3,19,11,34,22,10,35,0,20,4.3,0,0,0,0,0,0,0,1.4,0.5,66.7,35.7,56.1,90.6,84.8,88.1,8.7,0,6.3,74.4,70.6,72.9,66.7,28.6,53.7,90.6,84.8,88.1,8.7,0,6.3,74.4,69.6,72.5,0,0,7,3,0,3,0,0,0,6,0,3,18,0,17,96,68,164,0,0,0,111,71,177,0,0,0,0,0,0,0,0,0,0,0,0,0,0,0,4,0,6,0,0,0,4,0,6,0,0,0,0,3,3,0,0,0,0,0,4,0,0,0,7,7,19,0,0,0,7,7,19,0,0,0,10,12,23,0,0,0,10,12,21,8,0,6,38,27,70,0,0
ILOC70700302,34,34,61,67,49,112,8,7,14,100,86,186,10,11,21,65,45,104,0,0,0,76,55,131,0,0,0,0,0,0,0,0,0,0,0,0,11,12,27,65,45,104,0,0,0,75,59,136,16,20,38,0,4,6,0,0,0,17,22,42,0,0,0,0,0,0,8,7,14,8,7,11,8.3,7.7,8,0,0,0,0,0,0,1.4,1.7,1.5,38.7,41.9,40.3,95.4,91.8,93.9,0,0,0,72.5,66.7,69.8,35.5,38.7,37.1,95.4,91.8,93.9,0,0,0,71.6,65.5,68.8,0,6,4,0,0,0,0,0,0,6,6,5,6,11,20,61,42,105,0,0,0,68,54,125,0,0,0,0,0,0,0,0,0,0,0,0,0,0,0,0,0,0,0,0,0,0,0,0,0,0,0,0,0,0,0,0,0,0,0,0,0,0,0,5,10,7,0,0,0,5,5,11,0,0,5,3,0,5,0,0,0,4,5,6,15,4,21,25,14,43,0,0
ILOC70700303,21,18,38,0,3,0,0,0,0,21,24,44,0,3,3,0,3,0,0,0,0,0,3,3,5,0,4,0,0,0,0,0,0,5,0,4,10,3,8,0,3,0,0,0,0,6,3,11,10,15,28,0,0,0,0,0,0,10,15,28,0,3,3,0,0,0,0,0,0,0,0,4,83.3,33.3,66.7,0,0,0,0,0,0,71.4,20,50,31.6,15,23.1,100,100,100,0,0,0,33.3,21.7,27.3,5.3,10,7.7,100,100,100,0,0,0,9.5,17.4,13.6,0,0,0,0,0,0,0,0,0,0,0,5,0,0,0,0,0,0,0,0,0,0,4,3,0,0,0,0,0,0,0,0,0,0,0,0,0,0,0,0,0,0,0,0,0,0,0,0,0,0,0,0,0,0,0,0,0,0,0,0,0,0,0,0,0,0,0,0,0,0,0,0,0,0,0,0,0,0,0,0,0,0,0,0,0,0,4,0,0,0,0,0
ILOC70700304,46,42,90,37,38,78,9,7,15,89,91,182,8,3,13,32,35,59,0,0,0,42,35,76,11,13,20,0,0,0,0,0,0,11,14,21,19,17,34,32,32,63,0,0,0,47,47,97,15,27,41,7,9,13,0,0,0,24,32,58,9,3,10,0,0,0,9,7,15,15,14,27,52.6,68.8,60,0,3.1,1.6,0,0,0,20,25,22.4,43.2,36.4,39.8,81.6,78,79.7,0,0,0,56.2,51.6,53.8,20.5,11.4,15.9,81.6,75.6,78.5,0,0,0,44.9,38.7,41.8,4,3,5,0,0,0,0,0,0,8,5,8,3,0,8,28,32,56,0,0,0,33,35,66,0,0,0,0,0,0,0,0,0,0,0,0,0,0,0,0,0,0,0,0,0,0,0,0,0,0,0,0,0,0,0,0,0,0,0,0,0,0,0,0,8,6,0,0,0,0,8,6,0,0,0,3,6,8,0,0,0,0,6,7,8,0,8,16,9,25,0,0
ILOC70700305,13,22,38,0,0,0,0,0,0,13,22,38,0,4,0,0,0,0,0,0,0,0,4,0,3,5,9,0,0,0,0,0,0,3,5,9,7,3,12,0,0,0,0,0,0,7,3,12,5,15,26,0,0,0,0,0,0,5,15,26,0,0,3,0,0,0,0,0,0,0,0,3,83.3,66.7,75,0,0,0,0,0,0,83.3,66.7,75,40,27.3,32.4,0,0,0,0,0,0,40,27.3,32.4,6.7,9.1,8.1,0,0,0,0,0,0,6.7,9.1,8.1,0,0,0,0,0,0,0,0,0,0,0,0,0,0,0,0,0,0,0,0,0,0,0,0,0,0,0,0,0,0,0,0,0,0,0,0,0,0,0,0,0,0,0,0,0,0,0,0,0,0,0,0,0,0,0,0,0,0,0,0,0,0,0,0,0,0,0,0,0,0,0,0,0,0,0,0,0,0,0,0,0,0,0,0,0,0,0,0,0,0,0,0
ILOC70700401,76,89,163,11,18,32,4,5,9,97,113,204,16,28,45,12,13,28,0,0,0,38,40,75,0,0,0,0,0,0,0,0,0,0,0,0,16,28,45,12,13,28,0,0,0,38,40,75,49,61,110,0,4,0,0,0,0,51,66,116,4,0,5,0,0,0,4,5,9,9,6,16,0,0,0,0,0,0,0,0,0,0,0,0,26.7,31.1,29.1,93.3,80,86.7,0,0,0,35.8,36,35.9,26.7,31.1,29.1,93.3,80,86.7,0,0,0,35.8,36,35.9,10,19,29,7,6,13,0,0,0,17,26,41,7,9,14,4,3,10,0,0,0,14,11,29,0,0,0,0,0,0,0,0,0,0,0,0,0,0,0,0,5,5,0,0,0,0,5,5,0,0,0,0,0,0,0,0,0,0,0,0,0,0,0,0,5,5,0,0,0,0,8,6,0,3,3,0,0,0,0,0,0,0,3,3,18,10,30,4,0,4,0,0
ILOC70700501,25,33,57,0,0,0,0,0,0,25,33,57,0,0,0,0,0,0,0,0,0,0,0,0,8,3,6,0,0,0,0,0,0,8,3,6,8,3,10,0,0,0,0,0,0,8,3,10,13,31,45,0,0,0,0,0,0,13,31,45,0,0,0,0,0,0,0,0,0,0,0,0,66.7,100,75,0,0,0,0,0,0,66.7,100,75,40.9,8.8,21.4,0,0,0,0,0,0,40.9,8.8,21.4,13.6,0,5.4,0,0,0,0,0,0,13.6,0,5.4,3,0,3,0,0,0,0,0,0,3,0,3,0,0,0,0,0,0,0,0,0,0,0,0,0,0,0,0,0,0,0,0,0,0,0,0,0,0,0,0,0,0,0,0,0,0,0,0,0,0,0,0,0,0,0,0,0,0,0,0,0,0,0,0,0,0,0,0,0,0,0,0,0,6,0,0,0,0,0,0,0,0,6,0,0,0,0,0,0,0,0,0
ILOC70700502,48,53,97,0,0,0,0,0,0,45,53,102,7,4,4,0,0,0,0,0,0,7,4,4,3,9,15,0,0,0,0,0,0,3,9,15,7,17,20,0,0,0,0,0,0,7,17,20,37,43,73,0,0,0,0,0,0,40,43,77,0,0,0,0,0,0,0,0,0,0,0,0,50,71.4,63.6,0,0,0,0,0,0,50,71.4,63.6,17.4,26.4,22.2,0,0,0,0,0,0,17,26.4,22,8.7,7.5,8.1,0,0,0,0,0,0,8.5,7.5,8,0,5,3,0,0,0,0,0,0,0,5,3,3,0,3,0,0,0,0,0,0,3,0,3,0,0,0,0,0,0,0,0,0,0,0,0,0,0,0,0,0,0,0,0,0,0,0,0,0,0,0,0,0,0,0,0,0,0,0,0,0,0,0,0,0,0,0,0,0,0,0,0,0,0,0,0,0,0,0,0,0,0,0,0,3,0,3,0,0,0,0,0
ILOC70700503,109,117,222,0,0,0,0,0,0,111,117,220,7,11,20,0,0,0,0,0,0,7,11,20,14,8,23,0,0,0,0,0,0,18,8,28,25,23,41,0,0,0,0,0,0,27,23,42,79,87,170,0,0,0,0,0,0,79,87,170,0,3,10,0,0,0,0,0,0,0,3,10,60,50,55.6,0,0,0,100,0,100,61.5,50,56.5,23.1,17.7,20.4,0,0,0,100,0,100,23.9,17.7,20.7,9.3,8.8,9,0,0,0,0,0,0,9.2,8.8,9,0,3,3,0,0,0,0,0,0,0,3,3,3,9,13,0,0,0,0,0,0,3,9,13,0,0,0,0,0,0,0,0,0,0,0,0,0,0,0,0,0,0,0,0,0,0,0,0,0,0,0,0,0,0,0,0,0,0,0,0,0,0,4,0,0,0,0,0,0,0,0,4,0,4,0,0,0,0,0,0,0,0,4,0,4,4,7,0,0,0,0,0
ILOC70700504,409,426,836,523,483,1001,114,79,193,1045,979,2030,131,148,282,418,387,807,14,5,8,554,543,1094,22,21,45,3,12,15,0,0,0,26,32,59,150,170,321,422,397,818,9,5,18,588,572,1156,242,235,477,86,75,165,0,0,0,331,313,641,21,12,36,7,11,15,100,75,177,134,100,229,14.1,12.2,13.1,1.6,2.3,1.9,9.1,33.3,14.3,5,5.4,5.2,36.3,40.8,38.6,81.6,82.4,82,9.6,3.8,7.3,55.9,58.2,57.1,31.2,35.8,33.5,80.2,80.5,80.4,8.7,2.6,6.2,53.2,55.1,54.1,37,48,81,126,139,268,0,0,0,166,190,355,81,102,181,289,239,524,5,5,6,376,342,718,0,0,0,12,9,17,0,0,0,13,9,17,0,0,0,44,49,91,0,0,0,46,49,93,0,0,4,13,29,41,0,0,0,13,25,43,8,12,22,81,117,197,0,0,0,90,126,219,11,22,33,57,66,120,4,0,4,68,86,153,45,39,87,143,49,189,4,0
ILOC70700601,42,42,79,7,9,10,0,0,0,47,50,93,11,6,8,7,9,10,0,0,0,9,8,17,4,4,9,0,0,0,0,0,0,4,4,9,11,10,23,7,9,10,0,0,0,19,16,30,25,30,53,0,0,0,0,0,0,25,30,53,5,5,5,0,0,0,0,0,0,5,5,5,41.7,55.6,47.6,0,0,0,0,0,0,31.3,33.3,32.3,30,21.4,25.6,100,100,100,0,0,0,36.4,31.3,33.7,17.5,9.5,13.4,100,100,100,0,0,0,25,20.8,22.8,0,4,8,0,7,5,0,0,0,3,5,12,4,3,3,0,0,3,0,0,0,3,0,5,0,0,0,0,0,0,0,0,0,0,0,0,0,0,0,0,4,4,0,0,0,0,4,4,0,0,0,0,0,0,0,0,0,0,0,0,0,0,0,0,0,0,0,0,0,0,0,3,0,0,0,0,0,0,0,0,0,0,0,0,8,0,7,0,0,0,0,0
ILOC70700602,45,50,91,0,3,6,0,0,0,47,53,101,5,3,7,0,3,6,0,0,0,4,11,17,11,7,18,0,0,0,0,0,0,11,7,18,14,10,23,0,3,6,0,0,0,16,12,29,28,37,66,0,0,0,0,0,0,28,37,66,0,0,3,0,0,0,0,0,0,0,0,3,71.4,63.6,68,0,0,0,0,0,0,62.5,43.8,53.1,33.3,21.6,26.9,100,100,100,0,0,0,36.4,28.6,32,9.5,7.8,8.6,100,100,100,0,0,0,13.6,16.1,15,0,3,6,0,4,4,0,0,0,3,5,12,0,3,3,0,0,3,0,0,0,5,5,9,0,0,0,0,0,0,0,0,0,0,0,0,0,0,0,0,0,0,0,0,0,0,0,0,0,0,0,0,0,0,0,0,0,0,0,0,0,0,0,0,4,4,0,0,0,0,4,4,0,0,0,0,0,0,0,0,0,0,0,0,0,0,0,0,0,0,0,0
ILOC70800101,275,311,586,1136,1181,2322,115,103,220,1536,1591,3125,107,119,232,894,926,1817,3,13,18,1016,1048,2062,28,21,50,29,23,50,0,0,0,56,42,98,137,136,278,927,942,1869,3,13,18,1070,1090,2164,130,160,293,197,230,426,0,5,12,333,395,731,3,7,12,21,10,26,108,88,194,130,98,231,20.9,15.1,18,3.1,2.2,2.7,0,0,0,5.4,3.8,4.6,50.4,45.3,47.7,81.1,80,80.6,5.2,8.7,6.8,69.8,68.7,69.3,39.9,38.4,39.1,78.6,78.2,78.4,5.2,8.7,6.8,66.1,66,66,31,52,82,206,314,522,0,3,4,238,363,598,79,68,144,679,599,1279,3,8,10,761,668,1430,4,0,4,55,30,89,0,0,0,53,35,88,0,0,7,71,118,191,0,0,0,72,119,198,0,5,7,18,63,87,0,6,6,26,73,98,7,11,15,174,274,442,0,0,0,173,287,460,3,21,19,106,131,237,0,0,0,108,152,256,56,40,99,366,169,535,4,0
ILOC70800102,243,337,579,1304,1339,2639,106,119,230,1658,1799,3455,114,144,264,1079,1036,2120,11,8,22,1209,1189,2402,22,18,45,25,25,52,0,0,0,53,41,91,144,165,306,1109,1060,2172,11,13,26,1260,1232,2498,96,172,269,174,259,435,0,5,5,273,434,708,3,5,12,22,18,38,96,102,202,123,130,248,17.6,11.7,14.4,2.4,2.2,2.3,0,9.1,4.5,4.1,3.5,3.8,58.4,48.2,52.5,85,79.1,82,10.1,9.1,9.6,76.2,68.6,72.2,48.1,42.6,44.9,82.9,77.4,80.1,10.1,8.3,9.1,73,66.2,69.5,30,74,102,256,355,609,0,3,4,288,425,711,77,70,149,820,673,1493,12,4,16,902,748,1656,0,0,0,40,31,75,0,0,0,45,31,71,3,3,3,79,138,213,0,0,0,81,137,219,0,3,7,19,73,86,0,0,0,18,75,92,11,14,23,222,294,516,0,4,4,232,320,540,4,19,25,141,144,284,0,0,0,150,160,307,40,44,87,355,180,533,9,0
ILOC70800103,74,94,167,618,617,1234,90,100,186,781,811,1588,31,17,56,460,437,894,5,3,11,500,457,958,0,3,6,5,3,13,0,0,0,5,5,16,35,21,58,464,438,907,5,3,11,505,463,969,34,66,101,144,166,313,0,6,8,178,241,422,6,4,5,10,6,16,83,95,176,96,103,193,2.9,13.6,7,1.3,0.9,1.1,0,0,0,1.4,1.5,1.4,48.6,23.7,34.5,75,71.5,73.3,5.7,4,4.8,64.7,57.7,61.1,47.2,20.4,32.1,74,70.9,72.5,5.7,4,4.8,63.8,56.8,60.3,6,7,11,78,125,203,0,0,0,87,132,218,28,9,41,372,307,675,5,0,6,404,322,727,4,0,4,18,10,30,0,0,0,24,10,31,0,0,0,29,44,73,0,0,0,29,45,72,0,0,0,11,23,29,0,0,0,11,26,31,0,3,5,66,147,208,0,3,4,69,152,218,0,3,4,42,50,95,0,0,0,41,54,101,16,4,21,203,82,283,0,0
ILOC70800104,19,14,34,137,141,283,17,21,34,171,171,345,9,14,23,109,119,227,0,0,0,121,133,255,0,0,0,0,0,0,0,0,0,0,0,0,9,14,23,109,118,227,0,0,0,121,136,251,3,3,6,30,19,46,0,0,0,33,22,58,0,0,0,0,0,0,14,16,31,14,16,34,0,0,0,0,0.8,0.4,0,0,0,0,0.8,0.4,64.7,85.7,74.2,79,83.8,81.4,12.5,5.6,8.8,71.3,75.9,73.6,64.7,85.7,74.2,79,83.1,81.1,12.5,5.6,8.8,71.3,75.3,73.3,0,3,8,21,43,68,0,0,0,24,47,69,10,7,18,86,78,160,0,0,0,95,82,180,3,0,3,7,4,11,0,0,0,8,4,14,0,0,0,0,14,15,0,0,0,4,14,19,0,0,0,4,9,15,0,0,0,4,12,14,0,4,4,18,32,49,0,0,4,20,37,53,0,4,4,9,15,23,0,0,0,9,18,28,5,3,9,62,24,83,0,0
ILOC70800105,300,404,708,1359,1474,2839,104,116,217,1763,1998,3760,137,167,306,1156,1176,2329,17,12,29,1307,1355,2662,25,31,54,20,22,45,0,0,0,46,52,104,159,195,363,1174,1198,2376,18,12,33,1361,1414,2771,131,204,341,172,265,438,10,0,13,316,476,790,8,0,11,9,6,19,73,98,171,89,104,199,16.1,14.6,15.3,1.9,2.1,2,11.1,0,6.7,3.7,3.8,3.8,53.8,48.9,51,86.6,81.3,83.8,17.5,10.7,14,77,70.7,73.7,45.2,41.8,43.2,84.9,79.6,82.2,15.5,10.7,13,74.1,68,70.9,39,72,106,351,447,801,3,4,10,393,521,911,88,93,189,790,718,1503,12,10,21,891,815,1713,0,0,0,42,23,69,0,0,0,45,25,71,5,0,4,109,129,239,0,0,0,113,135,249,0,10,8,32,80,110,0,0,0,32,84,115,3,18,25,211,351,558,0,3,5,215,373,589,10,29,41,143,171,311,0,0,3,157,198,354,53,60,112,350,189,541,10,0
ILOC70800106,120,134,253,1346,1421,2766,118,119,238,1581,1675,3261,67,57,120,1156,1134,2289,0,0,0,1227,1188,2419,8,3,7,23,24,49,0,0,0,28,29,56,72,60,136,1182,1154,2339,0,0,0,1261,1215,2471,45,68,115,152,263,410,3,0,4,201,330,532,0,6,4,12,9,19,114,120,235,123,135,258,6.9,8.1,7.5,2,1.8,1.9,0,0,0,2.3,2.1,2.2,60.5,45.6,52.5,88,81.1,84.5,1.7,0,0.8,79.5,72.4,75.8,56.3,41.9,48.6,86.2,79.7,82.8,1.7,0,0.8,77.7,70.8,74.1,14,25,44,357,488,850,0,0,0,379,517,890,46,32,80,782,630,1417,0,0,0,831,663,1494,0,0,0,30,23,55,0,0,0,30,23,55,0,4,4,140,164,307,0,0,0,148,165,314,4,0,3,27,61,87,0,0,0,30,59,91,3,9,14,281,500,777,0,0,0,284,507,789,8,6,14,152,149,294,0,0,0,156,152,315,24,18,37,270,150,422,0,0
ILOC70800107,308,374,684,1523,1694,3219,110,107,218,1940,2183,4122,130,160,294,1229,1337,2572,5,8,13,1367,1505,2873,33,26,58,31,22,57,0,0,0,65,52,121,163,185,352,1265,1364,2628,8,3,14,1438,1552,2995,134,186,324,241,319,558,0,3,0,383,504,883,3,7,13,18,18,36,100,101,198,124,124,248,19.9,14.6,17.1,2.7,1.7,2.2,12.5,14.3,13.3,4.7,3.3,4,53.7,49.3,51.3,83,80.4,81.6,7.3,6.4,6.9,74.1,71.3,72.6,43,42.1,42.5,80.7,79,79.8,6.4,5.5,6,70.6,69,69.7,46,71,113,367,487,854,0,4,5,411,557,965,87,89,172,851,841,1698,4,0,9,945,932,1875,0,0,0,52,50,102,0,0,0,52,50,99,7,5,12,152,244,398,0,0,0,154,255,409,0,4,4,47,115,165,0,3,3,47,121,168,4,24,30,318,482,794,0,0,0,318,504,823,6,24,34,160,148,312,0,4,4,171,178,348,59,50,109,349,182,532,9,0
ILOC70800108,11,9,16,15,12,26,0,0,0,21,20,43,5,0,5,9,12,21,0,0,0,11,12,26,0,0,0,0,0,0,0,0,0,0,0,0,5,0,5,9,12,21,0,0,0,11,12,26,10,9,15,0,0,0,0,0,0,7,9,15,0,0,0,0,0,0,0,0,0,0,0,0,0,0,0,0,0,0,0,0,0,0,0,0,22.2,0,12.5,83.3,100,92,0,0,0,57.1,65,61,22.2,0,12.5,83.3,100,92,0,0,0,57.1,65,61,5,0,5,4,10,14,0,0,0,7,10,16,0,0,0,0,5,6,0,0,0,0,5,6,0,0,0,0,0,0,0,0,0,0,0,0,0,0,0,0,0,0,0,0,0,0,0,0,0,0,0,0,3,4,0,0,0,0,3,4,0,0,0,3,7,4,0,0,0,3,7,4,0,0,0,0,0,5,0,0,0,0,0,5,0,0,0,0,4,4,0,0
ILOC70800201,38,44,81,0,0,0,0,0,0,38,44,81,10,0,9,0,0,0,0,0,0,10,0,9,0,0,0,0,0,0,0,0,0,0,0,0,10,0,9,0,0,0,0,0,0,10,0,9,24,39,64,0,0,0,0,0,0,24,39,64,0,4,0,0,0,0,0,0,0,0,4,0,0,0,0,0,0,0,0,0,0,0,0,0,20,9.1,13.9,0,0,0,0,0,0,20,9.1,13.9,20,9.1,13.9,0,0,0,0,0,0,20,9.1,13.9,6,0,6,0,0,0,0,0,0,6,0,6,0,0,0,0,0,0,0,0,0,0,0,0,0,0,0,0,0,0,0,0,0,0,0,0,0,0,0,0,0,0,0,0,0,0,0,0,0,0,0,0,0,0,0,0,0,0,0,0,0,0,0,0,0,0,0,0,0,0,0,0,0,0,0,0,0,0,0,0,0,0,0,0,0,5,4,0,0,0,0,0
ILOC70800202,78,113,190,0,4,0,7,9,13,86,128,208,3,0,6,0,0,0,0,0,0,9,4,7,0,0,0,0,0,0,0,0,0,0,0,0,3,0,6,0,0,0,0,0,0,9,4,7,65,94,153,0,0,0,0,0,0,65,91,153,16,21,31,0,0,0,7,12,15,16,36,45,0,0,0,0,0,0,0,0,0,0,0,0,6.3,0.9,3.1,100,50,75,0,0,0,8.2,1.6,4.2,6.3,0.9,3.1,100,50,75,0,0,0,8.2,1.6,4.2,0,0,0,0,0,0,0,0,0,0,0,0,3,0,6,0,0,0,0,0,0,9,4,7,0,0,0,0,0,0,0,0,0,0,0,0,0,0,0,0,0,0,0,0,0,0,0,0,0,0,0,0,0,0,0,0,0,0,0,0,0,0,0,0,0,0,0,0,0,0,0,0,0,5,5,0,0,0,0,0,0,0,5,5,0,0,0,0,0,0,0,0
ILOC70800203,82,105,179,0,5,4,0,0,0,85,104,191,13,4,12,0,0,3,0,0,0,9,0,19,0,0,0,0,0,0,0,0,0,0,0,0,13,3,17,0,0,3,0,0,0,9,7,15,66,100,158,0,0,4,0,0,0,67,94,164,3,6,5,0,0,0,0,0,0,3,0,4,0,40,12.5,0,0,0,0,0,0,0,33.3,11.1,13.9,4.8,8.7,33.3,50,40,0,0,0,14.6,5.6,9.5,13.9,2.9,7.7,33.3,50,40,0,0,0,14.6,3.7,8.5,0,0,0,0,0,0,0,0,0,0,0,0,8,4,11,0,0,3,0,0,0,9,0,13,0,0,0,0,0,0,0,0,0,0,0,0,0,0,0,0,0,0,0,0,0,0,0,0,0,0,0,0,0,0,0,0,0,0,0,0,0,0,0,0,0,0,0,0,0,0,0,0,0,0,0,0,0,0,0,0,0,0,0,0,0,0,0,0,0,0,0,0
ILOC70800204,36,42,72,0,0,0,0,0,0,33,42,79,7,3,10,0,0,0,0,0,0,8,3,15,0,0,0,0,0,0,0,0,0,0,0,0,7,3,10,0,0,0,0,0,0,8,3,15,29,38,65,0,0,0,0,0,0,29,38,65,0,0,0,0,0,0,0,0,0,0,0,0,0,0,0,0,0,0,0,0,0,0,0,0,17.6,11.9,14.5,100,0,100,0,0,0,20,11.9,15.6,17.6,11.9,14.5,100,0,100,0,0,0,20,11.9,15.6,4,5,7,0,0,0,0,0,0,5,5,5,3,0,9,0,0,0,0,0,0,3,0,9,0,0,0,0,0,0,0,0,0,0,0,0,0,0,0,0,0,0,0,0,0,0,0,0,0,0,0,0,0,0,0,0,0,0,0,0,0,0,0,0,0,0,0,0,0,0,0,0,0,0,0,0,0,0,0,0,0,0,0,0,0,3,3,0,0,0,0,0
ILOC70800205,34,54,81,0,0,0,0,0,0,34,53,83,0,0,0,0,0,0,0,0,0,0,0,6,0,0,0,0,0,0,0,0,0,0,0,0,0,4,3,0,0,0,0,0,0,0,3,4,29,52,81,0,0,0,0,0,0,29,52,81,0,0,0,0,0,0,0,0,0,0,0,0,0,50,33.3,0,0,0,0,0,0,0,33.3,25,3.1,3.8,3.6,0,100,100,0,0,0,3.1,5.7,4.7,3.1,1.9,2.4,0,100,100,0,0,0,3.1,3.8,3.5,0,0,0,0,0,0,0,0,0,0,0,0,0,0,0,0,0,0,0,0,0,0,0,0,0,0,0,0,0,0,0,0,0,0,0,0,0,0,0,0,0,0,0,0,0,0,0,0,0,0,0,0,0,0,0,0,0,0,0,0,0,0,6,0,0,0,0,0,0,0,0,6,0,0,0,0,0,0,0,0,0,0,0,0,0,0,0,0,0,0,0,0
ILOC70800206,36,39,79,0,0,3,5,0,0,39,42,85,11,8,13,0,0,3,0,0,0,8,8,16,4,0,0,0,0,0,0,0,0,4,0,0,7,5,17,0,0,3,0,0,0,11,10,22,28,32,63,0,0,0,0,0,0,28,32,63,0,0,3,0,0,0,5,0,0,7,3,8,20,12.5,16.7,0,0,0,0,0,0,18.2,11.1,15,27,18.6,22.5,100,100,100,0,0,0,27.5,20,23.5,21.6,16.3,18.8,100,100,100,0,0,0,22.5,17.8,20,0,3,6,0,0,0,0,0,0,0,8,9,8,0,3,0,0,0,0,0,0,7,0,7,0,0,0,0,0,0,0,0,0,0,0,0,0,0,0,0,0,0,0,0,0,0,0,0,0,0,0,0,0,0,0,0,0,0,0,0,0,0,0,0,0,0,0,0,0,0,0,0,0,0,0,0,0,0,0,0,0,0,0,0,3,0,4,0,0,0,0,0
ILOC70800207,43,49,94,0,0,0,0,0,4,44,56,97,3,3,5,0,0,0,0,0,0,3,3,5,0,0,0,0,0,0,0,0,0,0,0,0,3,5,11,0,0,0,0,0,0,3,5,11,38,43,82,0,0,0,0,0,0,39,43,84,0,0,0,0,0,0,0,0,4,0,0,4,0,25,11.1,0,0,0,0,0,0,0,25,11.1,12.2,7.8,9.8,0,0,0,0,0,0,11.6,7.7,9.5,12.2,5.9,8.7,0,0,0,0,0,0,11.6,5.8,8.4,0,0,5,0,0,0,0,0,0,0,0,5,0,0,3,0,0,0,0,0,0,0,0,3,0,0,0,0,0,0,0,0,0,0,0,0,0,0,0,0,0,0,0,0,0,0,0,0,0,0,0,0,0,0,0,0,0,0,0,0,0,0,0,0,0,0,0,0,0,0,0,0,0,0,0,0,0,0,0,0,0,0,0,0,0,0,0,0,0,0,0,0
ILOC70900101,64,93,159,0,6,4,0,0,0,65,95,159,3,6,10,0,6,4,0,0,0,5,9,9,3,0,3,0,0,0,0,0,0,3,0,3,13,6,11,0,6,4,0,0,0,14,9,18,56,89,138,0,0,0,0,0,0,56,89,138,0,0,3,0,0,0,0,0,0,0,0,3,50,0,35.7,0,0,0,0,0,0,41.7,0,27.8,15.9,4.2,8.9,100,100,100,0,0,0,18.5,6.2,11.1,7.9,4.2,5.7,100,100,100,0,0,0,10.8,6.2,8,0,0,3,0,0,0,0,0,0,0,4,6,0,0,0,0,0,7,0,0,0,3,4,4,0,0,0,0,0,0,0,0,0,0,0,0,0,0,0,0,0,0,0,0,0,0,0,0,0,0,0,0,0,0,0,0,0,0,0,0,0,0,0,0,0,0,0,0,0,0,0,0,0,0,0,0,0,0,0,0,0,0,0,0,0,3,4,0,0,0,0,0
ILOC70900102,182,195,378,20,19,44,0,0,4,209,213,425,61,72,127,14,19,36,0,0,0,76,86,165,3,0,11,0,0,0,0,0,0,3,0,11,65,75,132,14,19,36,0,0,0,81,88,170,118,121,237,11,4,11,0,0,0,124,117,248,0,4,4,0,0,0,0,0,0,6,6,6,6.3,4.2,5.2,0,0,0,0,0,0,5,3.3,4.1,34.2,37.1,35.7,69.6,90,79.1,50,0,33.3,38.3,41.9,40.1,32.1,35.6,33.9,69.6,90,79.1,50,0,33.3,36.4,40.5,38.4,25,35,60,4,7,12,0,0,0,35,40,77,33,32,68,11,14,19,0,0,0,41,43,88,0,0,0,0,0,0,0,0,0,0,0,0,0,0,0,8,0,7,0,0,0,8,0,7,0,3,3,0,0,0,0,0,0,0,4,4,0,3,5,6,10,16,0,0,0,6,13,20,0,0,0,4,0,6,0,0,0,4,0,6,22,8,29,6,0,5,0,0
ILOC70900103,624,154,773,79,27,109,17,13,23,724,182,908,23,31,55,30,14,47,0,0,0,54,49,104,0,3,7,0,0,0,0,0,0,0,3,7,25,41,64,30,14,47,0,0,0,57,55,111,589,105,688,48,6,55,0,0,0,638,110,749,7,10,16,0,0,0,17,13,23,21,19,48,10.7,13.5,12.3,0,0,0,0,0,0,5.2,9.3,7.1,4.5,24.7,8.4,37,68,44.3,0,0,0,8,29.3,12.4,4,21.3,7.4,37,68,44.3,0,0,0,7.6,26.6,11.5,5,6,8,0,0,0,0,0,0,7,9,18,21,23,36,29,13,45,0,0,0,47,39,82,0,0,0,0,0,0,0,0,0,0,0,4,0,0,0,0,0,0,0,0,0,3,0,3,0,0,0,0,0,0,0,0,0,0,3,3,0,7,8,12,5,13,0,0,0,11,5,14,3,5,8,3,0,4,0,0,0,5,3,9,15,3,20,11,7,22,0,0
ILOC70900104,53,65,120,4,10,14,5,0,4,63,72,139,16,15,36,3,10,8,0,0,0,20,29,50,11,12,17,0,0,0,0,0,0,11,12,17,24,24,52,3,10,8,0,0,0,32,38,66,29,40,66,0,0,0,0,0,0,29,40,72,0,0,0,0,0,0,3,0,3,3,0,3,34.6,33.3,34,0,0,0,0,0,0,29,26.5,27.7,47.3,40.9,43.8,80,100,91.7,33.3,0,20,49.2,45.3,47.1,30.9,27.3,28.9,80,100,91.7,33.3,0,20,34.9,33.3,34.1,13,5,17,4,5,9,0,0,0,13,11,22,4,13,17,0,0,4,0,0,0,10,17,23,0,0,0,0,0,0,0,0,0,0,0,0,0,0,0,0,0,0,0,0,0,0,0,0,0,0,0,0,0,0,0,0,0,0,0,0,0,0,0,3,5,5,0,0,0,3,5,5,0,0,0,0,0,0,0,0,0,0,0,0,10,6,14,0,0,0,0,0
ILOC70900201,135,150,286,17,16,32,6,5,13,155,175,328,17,19,39,10,16,30,0,0,0,28,38,65,3,3,6,0,0,0,0,0,0,3,3,6,18,22,47,10,16,30,0,0,0,37,39,72,97,118,219,4,0,4,0,0,0,99,118,219,20,12,27,0,0,0,6,8,11,22,11,34,10,16.7,13.6,0,0,0,0,0,0,5.9,10,8.1,14.7,15.8,15.3,82.4,100,90.6,0,14.3,10,21.8,23,22.4,13.2,13.2,13.2,82.4,100,90.6,0,14.3,10,20.5,20.7,20.6,5,3,8,0,9,11,0,0,0,6,16,19,11,13,23,10,8,15,0,0,0,21,21,41,0,0,0,0,0,0,0,0,0,0,0,0,0,0,0,0,5,3,0,0,0,0,0,7,0,0,0,0,0,0,0,0,0,0,0,0,0,4,4,3,8,9,0,0,0,3,10,14,0,0,0,3,3,8,0,0,0,3,3,6,6,0,6,3,3,5,0,0
ILOC70900301,39,37,78,31,21,56,15,11,24,90,68,157,0,3,0,25,23,46,0,0,0,28,26,51,3,4,10,0,0,0,0,0,0,3,4,10,6,10,15,25,23,46,0,0,0,32,30,62,31,21,58,4,0,8,0,0,0,41,26,63,4,0,3,0,0,0,15,11,24,19,15,34,85.7,75,80,0,0,0,0,0,0,18.2,20.7,19.4,16.3,23.5,19.5,78.8,95.5,85.5,0,0,0,36.7,42.6,39.2,2.3,5.9,3.9,78.8,95.5,85.5,0,0,0,30,33.8,31.6,0,0,0,0,0,0,0,0,0,0,0,0,0,0,3,25,22,48,0,0,0,26,20,47,0,0,0,0,0,0,0,0,0,0,0,0,0,0,0,0,0,0,0,0,0,0,0,0,0,0,0,0,0,0,0,0,0,0,0,0,0,3,3,0,5,4,0,0,0,0,5,8,0,0,4,0,0,0,0,0,0,0,0,0,3,0,3,4,4,13,0,0
ILOC70900302,14,22,34,14,16,30,4,0,3,30,43,69,7,9,12,8,10,26,0,0,0,15,25,39,0,0,0,0,0,0,0,0,0,0,0,0,7,13,15,8,10,26,0,0,0,15,19,39,9,9,18,0,3,5,0,0,0,7,16,22,0,0,0,0,4,3,0,0,6,0,3,7,0,9.1,6.7,0,0,0,0,0,0,0,4.3,2.6,33.3,50,44.1,84.6,63.2,71.9,0,0,0,55.6,53.5,54.3,33.3,45.5,41.2,84.6,63.2,71.9,0,0,0,55.6,51.2,52.9,0,4,4,5,3,8,0,0,0,5,7,9,7,7,13,5,10,15,0,0,0,7,12,25,0,0,0,0,0,0,0,0,0,0,0,0,0,0,0,0,0,0,0,0,0,0,0,0,0,0,0,0,0,0,0,0,0,0,0,0,0,0,0,0,7,8,0,0,0,0,7,10,0,0,0,3,7,4,0,0,0,3,4,8,6,5,4,0,0,5,0,0
ILOC70900303,60,75,129,6,4,16,0,0,3,64,79,142,7,15,14,6,4,16,0,0,0,10,16,33,3,10,9,0,0,0,0,0,0,3,10,9,13,17,28,6,4,16,0,0,0,23,24,42,46,54,98,0,0,0,0,0,0,46,54,98,0,0,0,0,0,0,0,0,3,0,3,6,46.2,35.3,40,0,0,0,0,0,0,31.6,25,27.9,22.8,23.3,23.1,100,100,100,0,0,0,29.7,29.6,29.7,12.3,15.1,13.8,100,100,100,0,0,0,20.3,22.2,21.4,3,4,6,0,5,4,0,0,0,4,6,12,0,7,6,7,5,9,0,0,0,5,8,17,0,0,0,0,0,0,0,0,0,0,0,0,0,0,0,0,0,3,0,0,0,0,0,3,0,0,0,0,0,0,0,0,0,0,0,0,0,0,0,0,3,4,0,0,0,0,3,4,0,0,0,0,0,0,0,0,0,0,0,0,0,0,0,0,5,0,0,0
ILOC70900304,18,26,38,0,0,0,0,0,0,18,26,38,3,4,10,0,0,0,0,0,0,3,4,10,0,0,3,0,0,0,0,0,0,0,0,3,4,5,13,0,0,0,0,0,0,4,5,13,4,13,20,0,0,0,0,0,0,4,13,20,3,6,10,0,0,0,0,0,0,3,6,10,25,28.6,27.3,0,0,0,0,0,0,25,28.6,27.3,25,26.9,26.2,0,0,0,0,0,0,25,26.9,26.2,18.8,19.2,19,0,0,0,0,0,0,18.8,19.2,19,3,3,9,0,0,0,0,0,0,3,3,9,0,3,3,0,0,0,0,0,0,0,3,3,0,0,0,0,0,0,0,0,0,0,0,0,0,0,0,0,0,0,0,0,0,0,0,0,0,0,0,0,0,0,0,0,0,0,0,0,0,0,0,0,0,0,0,0,0,0,0,0,0,0,0,0,0,0,0,0,0,0,0,0,0,0,0,0,0,0,0,0
ILOC70900305,41,55,94,0,0,0,4,0,4,43,55,99,4,6,11,0,0,0,0,0,0,4,6,11,6,6,10,0,0,0,0,0,0,6,6,10,9,16,21,0,0,0,0,0,0,9,16,21,31,46,74,0,0,0,0,0,0,31,46,74,0,0,0,0,0,0,4,0,4,4,0,4,60,38.5,47.8,0,0,0,0,0,0,60,38.5,47.8,25,22.8,23.7,0,0,0,0,0,0,23.3,22.8,23,10,14,12.4,0,0,0,0,0,0,9.3,14,12,0,4,4,0,0,0,0,0,0,0,4,4,0,4,3,0,0,0,0,0,0,0,4,3,0,0,0,0,0,0,0,0,0,0,0,0,0,0,0,0,0,0,0,0,0,0,0,0,0,0,0,0,0,0,0,0,0,0,0,0,0,0,0,0,0,0,0,0,0,0,0,0,0,0,0,0,0,0,0,0,0,0,0,0,0,0,0,0,0,0,0,0
ILOC70900306,16,22,40,0,0,0,0,0,0,16,22,40,0,4,4,0,0,0,0,0,0,0,4,4,0,3,6,0,0,0,0,0,0,0,3,6,0,4,10,0,0,0,0,0,0,0,4,10,17,17,33,0,0,0,0,0,0,17,17,33,0,0,0,0,0,0,0,0,0,0,0,0,100,50,66.7,0,0,0,0,0,0,100,50,66.7,15.8,26.1,21.4,0,0,0,0,0,0,15.8,26.1,21.4,0,13,7.1,0,0,0,0,0,0,0,13,7.1,0,3,3,0,0,0,0,0,0,0,3,3,0,0,0,0,0,0,0,0,0,0,0,0,0,0,0,0,0,0,0,0,0,0,0,0,0,0,0,0,0,0,0,0,0,0,0,0,0,0,0,0,0,0,0,0,0,0,0,0,0,0,0,0,0,0,0,0,0,0,0,0,0,0,0,0,0,0,0,0,0,0,0,0,4,3,4,0,0,0,0,0
ILOC70900401,73,58,135,7,7,13,0,0,0,73,65,138,15,12,27,3,4,8,0,0,0,10,21,32,0,4,0,0,0,0,0,0,0,0,3,6,15,12,29,3,7,8,0,0,0,18,21,36,55,45,100,0,0,0,0,0,0,51,45,103,3,0,5,0,0,0,0,0,0,3,0,9,14.3,13.3,13.8,0,14.3,11.1,0,0,0,12.5,13.6,13.2,20,24.6,22.1,66.7,100,90,0,0,0,21.6,32.4,26.8,17.1,21.3,19.1,66.7,85.7,80,0,0,0,18.9,27.9,23.2,8,12,17,0,3,6,0,0,0,6,11,24,3,4,7,0,0,3,0,0,0,4,6,9,0,0,0,0,0,0,0,0,0,0,0,0,0,0,0,0,0,0,0,0,0,0,0,0,0,0,0,0,0,0,0,0,0,0,0,0,0,0,0,0,0,0,0,0,0,0,9,9,0,3,3,0,0,0,0,0,0,0,3,3,5,0,4,0,0,5,0,0
ILOC70900402,0,0,0,0,0,0,0,0,0,0,0,0,0,0,0,0,0,0,0,0,0,0,0,0,0,0,0,0,0,0,0,0,0,0,0,0,0,0,0,0,0,0,0,0,0,0,0,0,0,0,0,0,0,0,0,0,0,0,0,0,0,0,0,0,0,0,0,0,0,0,0,0,0,0,0,0,0,0,0,0,0,0,0,0,0,0,0,0,0,0,0,0,0,0,0,0,0,0,0,0,0,0,0,0,0,0,0,0,0,0,0,0,0,0,0,0,0,0,0,0,0,0,0,0,0,0,0,0,0,0,0,0,0,0,0,0,0,0,0,0,0,0,0,0,0,0,0,0,0,0,0,0,0,0,0,0,0,0,0,0,0,0,0,0,0,0,0,0,0,0,0,0,0,0,0,0,0,0,0,0,0,0,0,0,0,0,0,0,0,0,0,0,0,0,0,0,0,0,0,0
ILOC70900403,0,0,0,25,35,57,3,0,5,28,34,66,0,0,0,19,27,47,0,0,0,25,27,53,0,0,0,0,0,0,0,0,0,0,0,0,0,0,0,19,27,47,0,0,0,25,27,53,0,0,0,0,0,3,0,0,0,0,0,3,0,0,0,5,3,4,0,0,0,8,6,10,0,0,0,0,0,0,0,0,0,0,0,0,0,0,0,83.3,82.9,83.1,33.3,0,20,77.8,78.4,78.1,0,0,0,83.3,82.9,83.1,33.3,0,20,77.8,78.4,78.1,0,0,0,0,0,3,0,0,0,0,0,3,0,0,0,18,28,45,0,0,0,20,28,46,0,0,0,0,0,0,0,0,0,0,0,0,0,0,0,0,0,0,0,0,0,0,0,0,0,0,0,0,0,0,0,0,0,0,0,0,0,0,0,0,3,4,0,0,0,0,3,4,0,0,0,0,3,3,0,0,0,0,3,3,0,0,0,8,11,17,0,0
ILOC70900501,60,52,106,12,17,27,4,3,8,72,68,141,20,6,22,11,18,28,0,0,0,27,27,53,3,10,14,0,0,0,0,0,0,5,10,12,20,15,42,14,18,26,0,0,0,34,28,63,35,33,67,0,0,3,0,0,0,33,38,70,0,0,0,0,0,0,4,3,8,8,3,9,21.7,50,33.3,10,0,3.8,0,0,0,18.2,25,21.5,40.4,32,36.4,90.9,88.9,89.7,0,0,0,45.2,45.1,45.1,31.6,16,24.3,81.8,88.9,86.2,0,0,0,37,33.8,35.4,7,10,17,8,13,19,0,0,0,14,14,31,12,0,10,3,5,7,0,0,0,13,7,25,0,0,0,0,0,0,0,0,0,0,0,0,0,0,0,0,0,0,0,0,0,0,0,0,0,0,0,0,0,0,0,0,0,0,0,0,0,0,0,0,5,7,0,0,0,0,5,7,0,0,0,0,3,4,0,0,0,0,3,4,5,0,9,4,0,7,0,0
ILOC70900502,49,48,89,50,43,91,26,17,42,123,103,225,9,5,14,44,30,78,0,0,0,55,36,92,0,8,10,0,0,0,0,0,0,0,8,10,14,8,22,44,30,78,0,0,0,56,43,101,30,32,63,6,7,13,0,0,0,35,47,78,0,0,0,0,0,0,26,17,42,32,13,44,26.7,55.6,37.5,0,0,0,0,0,0,6.7,11.6,8.7,33.3,19.6,26.4,91.8,79.1,85.9,0,0,0,49.2,41.3,45.6,24.4,8.7,16.5,91.8,79.1,85.9,0,0,0,45.9,36.5,41.6,0,0,5,0,0,4,0,0,0,6,4,4,6,0,14,41,36,80,0,0,0,54,35,87,0,0,0,0,0,0,0,0,0,0,0,0,0,0,0,0,3,4,0,0,0,0,3,4,0,0,0,0,0,0,0,0,0,0,0,0,0,0,0,0,10,5,0,0,0,5,10,11,0,0,0,3,4,12,0,0,0,3,4,12,7,0,8,16,8,23,0,0
ILOC70900503,48,68,120,5,7,7,0,0,4,59,74,132,10,16,24,5,7,12,0,0,0,9,24,34,0,0,0,0,0,0,0,0,0,0,0,0,10,16,24,5,7,7,0,0,0,9,26,37,43,47,94,0,0,0,0,0,0,43,47,90,0,0,0,0,0,0,0,0,3,3,3,5,0,0,0,0,16.7,10,0,0,0,0,4.2,2.7,17.3,26.9,22.7,100,100,100,0,0,0,22.4,32.4,28,17.3,26.9,22.7,100,83.3,90,0,0,0,22.4,31.1,27.3,5,6,10,5,3,4,0,0,0,7,6,11,0,10,18,0,3,5,0,0,0,3,14,21,0,0,0,0,0,0,0,0,0,0,0,0,0,0,0,0,0,0,0,0,0,0,0,0,0,0,0,0,0,3,0,0,0,0,0,3,0,0,0,0,0,0,0,0,0,0,0,0,0,0,0,0,0,0,0,0,0,0,0,0,4,15,12,0,0,0,0,0
ILOC70900601,35,44,83,7,9,6,0,0,3,41,50,94,11,11,18,7,5,4,0,0,0,12,15,30,0,0,4,0,0,0,0,0,0,0,0,4,14,13,21,7,5,4,0,0,0,17,16,29,23,32,62,0,0,0,0,0,0,23,34,61,0,0,5,0,0,0,0,0,3,3,3,4,18.2,8.3,13,0,0,0,0,0,0,13.3,6.3,9.7,29.7,26.1,27.7,100,80,88.9,0,0,0,35.7,30.8,33,24.3,23.9,24.1,100,80,88.9,0,0,0,31,28.8,29.8,3,9,12,0,0,8,0,0,0,7,12,14,6,0,5,4,0,5,0,0,0,5,0,9,0,0,0,0,0,0,0,0,0,0,0,0,0,0,0,0,0,0,0,0,0,0,0,0,0,0,0,0,0,0,0,0,0,0,0,0,0,0,0,0,0,3,0,0,0,0,0,3,0,0,0,0,0,0,0,0,0,0,3,3,5,0,7,0,0,4,0,0
ILOC70900602,72,80,152,7,9,16,4,3,3,82,92,175,15,17,30,5,4,10,0,0,0,23,21,45,3,0,3,0,0,0,0,0,0,3,0,3,17,17,32,5,4,10,0,0,0,20,21,44,51,64,113,0,0,0,0,0,0,51,63,111,5,3,7,0,0,0,4,3,3,4,7,17,11.8,0,6.3,0,0,0,0,0,0,8.3,0,4.4,23.6,18.3,20.8,87.5,85.7,86.7,0,0,0,29.3,23.1,26,20.8,18.3,19.5,87.5,85.7,86.7,0,0,0,26.8,23.1,24.9,6,9,13,9,8,10,0,0,0,16,10,28,6,8,12,0,0,0,0,0,0,5,9,17,0,0,0,0,0,0,0,0,0,0,0,0,0,0,0,0,0,0,0,0,0,0,0,0,0,0,0,0,0,0,0,0,0,0,0,0,0,0,0,0,8,6,0,0,0,0,8,6,0,0,0,0,4,3,0,0,0,0,4,3,0,0,0,3,0,3,0,0
ILOC70900701,147,196,342,14,28,40,7,6,9,171,231,403,25,31,56,17,26,43,0,0,0,38,57,96,16,18,35,0,0,0,0,0,0,16,18,35,40,49,88,17,26,43,0,0,0,56,77,134,102,143,248,4,0,5,0,0,0,111,144,249,4,4,3,0,0,0,4,4,14,8,7,20,42.5,35.3,38.5,0,0,0,0,0,0,29.8,24,26.5,27.2,25.9,26.5,88.9,92.3,90.9,16.7,0,7.7,33.3,32.6,32.9,15.6,16.8,16.3,88.9,92.3,90.9,16.7,0,7.7,23.4,24.8,24.2,15,18,31,10,14,22,0,0,0,19,34,59,9,12,20,5,10,19,0,0,0,18,21,39,0,0,0,0,0,0,0,0,0,0,0,0,0,0,0,3,5,9,0,0,0,3,5,9,0,0,0,0,3,4,0,0,0,0,8,8,0,0,0,6,9,12,0,0,0,6,10,19,0,0,0,0,0,0,0,0,0,0,0,4,9,3,14,3,3,7,0,0
ILOC70900801,69,81,151,11,15,23,3,3,9,83,96,177,11,20,28,11,15,23,0,0,0,26,28,56,3,0,4,0,0,0,0,0,0,3,0,4,15,22,36,11,15,23,0,0,0,23,33,60,49,58,107,0,0,0,0,0,0,49,58,107,0,5,9,0,0,0,3,3,9,9,6,19,20,15,17.1,0,0,0,0,0,0,11.5,9.1,10.2,21.7,25,23.5,100,100,100,0,0,0,31,34,32.6,17.4,21.3,19.5,100,100,100,0,0,0,27.4,30.9,29.3,8,6,18,5,0,7,0,0,0,14,9,21,4,11,16,8,13,18,0,0,0,8,19,33,0,0,0,0,0,0,0,0,0,0,0,0,0,0,0,0,3,6,0,0,0,0,3,6,0,0,0,0,0,0,0,0,0,0,0,0,0,0,0,0,8,8,0,0,0,0,8,11,0,0,0,0,0,0,0,0,0,0,0,0,0,4,9,4,0,4,0,0
ILOC70900802,18,30,46,51,46,96,18,10,27,99,81,180,7,3,14,47,38,83,0,0,0,56,43,95,0,0,5,0,0,4,0,0,0,0,6,5,8,4,12,49,37,89,0,0,0,58,44,103,11,20,35,7,5,11,0,0,0,17,22,39,0,0,0,0,0,0,18,10,27,18,11,31,11.1,20,14.3,2,2.6,2.3,0,0,0,3.4,4.5,3.9,42.9,19.2,29.8,90.7,86.7,88.9,0,0,0,60.4,54.3,57.6,38.1,15.4,25.5,88.9,84.4,86.9,0,0,0,58.3,51.9,55.4,0,0,0,0,5,5,0,0,0,10,5,10,4,3,10,46,34,75,0,0,0,49,37,90,0,0,0,0,0,0,0,0,0,0,0,0,0,0,0,0,0,0,0,0,0,0,0,0,0,0,0,0,3,5,0,0,0,0,3,5,0,0,0,10,14,18,0,0,0,10,14,18,0,0,0,7,9,17,0,0,0,7,13,21,4,0,4,19,6,19,0,0
ILOC70900901,36,31,68,9,0,6,4,0,4,42,37,79,12,7,22,7,0,5,0,0,0,21,7,28,0,10,11,0,0,0,0,0,0,0,10,11,16,13,27,7,0,5,0,0,0,17,14,34,13,16,29,0,0,0,0,0,0,17,16,28,3,6,8,0,0,0,3,0,0,6,5,15,7.1,50,28.6,0,0,0,0,0,0,5.6,43.8,23.5,42.4,40,41.2,80,100,85.7,0,0,0,42.9,42.1,42.5,39.4,20,29.4,80,100,85.7,0,0,0,40.5,23.7,32.5,10,3,12,3,0,4,0,0,0,12,4,15,4,5,9,3,0,3,0,0,0,4,4,10,0,0,0,0,0,0,0,0,0,0,0,0,0,0,0,0,0,0,0,0,0,0,0,0,0,0,0,0,0,0,0,0,0,0,0,0,0,0,0,0,0,0,0,0,0,0,0,0,0,0,0,0,0,0,0,0,0,3,0,3,3,0,8,0,0,0,0,0
ILOC70900902,162,189,348,279,235,519,81,82,159,531,505,1035,102,116,217,263,222,484,3,0,5,363,341,698,12,13,18,7,0,9,0,0,0,16,13,31,114,128,237,265,225,488,3,0,5,380,354,729,37,54,93,10,9,25,0,0,0,53,64,116,13,10,25,6,0,6,78,81,160,97,88,183,10.6,8,9.2,1.9,1.3,1.6,0,0,0,4.5,3.7,4.1,68.9,66.5,67.6,94.7,94.9,94.8,2.4,1.2,1.8,72.3,69.3,70.8,61.6,61.2,61.4,92.9,93.6,93.2,2.4,1.2,1.8,69.1,66.7,67.9,14,13,31,67,54,115,0,0,0,81,69,148,84,92,179,189,165,358,3,0,5,285,261,546,0,0,0,3,3,4,0,0,0,3,3,5,0,0,0,24,7,33,0,0,0,26,7,35,0,0,0,3,9,9,0,0,0,3,9,9,3,0,3,59,58,116,0,0,0,60,58,121,6,6,10,45,39,89,0,0,0,51,46,93,39,49,96,77,42,120,0,0
ILOC70901001,76,81,160,12,13,20,0,0,0,84,91,182,5,13,23,12,14,22,0,0,0,16,23,42,0,0,0,0,0,0,0,0,0,0,0,0,5,12,20,12,14,22,0,0,0,16,23,42,66,65,134,0,0,0,0,0,0,66,71,134,3,3,4,0,0,0,0,0,0,3,3,5,0,7.1,4.8,0,0,0,0,0,0,0,4.2,2.5,9.1,17.1,13.2,100,90.9,95,0,0,0,18.4,25.8,22.2,9.1,15.9,12.6,100,90.9,95,0,0,0,18.4,24.7,21.7,3,6,10,4,3,8,0,0,0,8,15,20,0,3,6,7,0,9,0,0,0,4,8,11,0,0,0,0,0,0,0,0,0,0,0,0,0,0,0,0,4,4,0,0,0,0,4,4,0,0,0,0,3,3,0,0,0,0,3,3,0,0,4,3,4,5,0,0,0,4,3,7,0,0,0,0,0,0,0,0,0,0,0,0,8,4,8,5,0,7,0,0
ILOC70901002,13,16,30,57,18,78,55,11,66,128,43,170,10,7,20,57,14,67,0,0,0,65,19,89,0,0,0,0,0,0,0,0,0,0,0,0,10,7,20,57,14,67,0,0,0,65,19,89,0,9,3,6,0,4,0,0,0,3,5,7,0,0,4,0,0,5,55,11,66,61,12,73,0,0,0,0,0,0,0,0,0,0,0,0,86.7,50,70.4,89.8,88.2,89.5,0,0,0,51.6,50,51.2,86.7,50,70.4,89.8,88.2,89.5,0,0,0,51.6,50,51.2,0,0,0,0,0,0,0,0,0,0,0,0,10,7,20,54,14,68,0,0,0,65,22,84,0,0,0,0,0,0,0,0,0,0,0,0,0,0,0,5,0,3,0,0,0,5,0,3,0,0,0,0,0,0,0,0,0,0,0,0,0,0,0,4,0,7,0,0,0,4,0,7,0,0,0,3,0,5,0,0,0,3,0,5,4,0,5,23,7,27,0,0
ILOC70901101,124,154,273,14,19,31,0,4,7,139,175,317,29,29,48,10,23,34,0,4,4,37,49,89,3,6,10,0,0,0,0,0,0,3,6,10,29,33,62,10,23,34,0,4,4,41,54,96,82,106,193,0,0,4,0,0,0,89,106,193,10,10,25,0,0,0,0,4,9,11,14,28,16.1,16.1,16.1,0,0,0,0,0,0,11.9,9.4,10.5,24.8,20.5,22.5,84.6,95.2,91.2,0,50,28.6,29.8,30.1,30,20.8,17.2,18.8,84.6,95.2,91.2,0,50,28.6,26.2,27.3,26.8,9,9,18,5,8,13,0,0,0,16,20,33,16,17,28,7,11,15,0,0,0,17,29,45,0,0,0,0,0,0,0,0,0,0,0,0,0,0,0,0,0,5,0,0,0,0,4,4,0,0,0,0,3,3,0,0,0,0,3,3,0,0,0,4,7,13,0,0,0,4,7,15,0,0,3,4,5,4,0,0,0,6,5,8,0,3,7,0,0,0,0,0
ILOC70901102,22,26,43,3,0,3,0,0,0,24,26,47,3,4,9,0,0,0,0,0,0,6,4,8,0,0,0,0,0,0,0,0,0,0,0,0,4,4,4,0,0,0,0,0,0,4,4,7,14,16,29,6,0,6,0,0,0,18,16,35,6,5,7,0,0,0,0,0,0,6,5,7,25,0,16.7,0,0,0,0,0,0,20,0,14.3,19,8,13,25,0,25,0,0,0,20,8,14,14.3,8,10.9,25,0,25,0,0,0,16,8,12,3,0,0,0,0,0,0,0,0,3,0,0,0,0,0,0,0,0,0,0,0,0,0,3,0,0,0,0,0,0,0,0,0,0,0,0,0,0,0,0,0,0,0,0,0,0,0,0,0,0,0,0,0,0,0,0,0,0,0,0,0,0,0,0,0,0,0,0,0,0,0,0,0,0,0,0,0,0,0,0,0,0,0,0,0,0,0,0,0,0,0,0
ILOC70901201,10,13,27,0,0,0,0,0,0,10,13,27,3,0,5,0,0,0,0,0,0,3,0,5,0,0,0,0,0,0,0,0,0,0,0,0,3,3,3,0,0,0,0,0,0,3,3,3,11,7,17,0,0,0,0,0,0,11,7,17,0,4,3,0,0,0,0,0,0,0,4,3,0,50,20,0,0,0,0,0,0,0,50,20,27.3,15.4,20.8,0,0,0,0,0,0,27.3,15.4,20.8,27.3,7.7,16.7,0,0,0,0,0,0,27.3,7.7,16.7,0,0,3,0,0,0,0,0,0,0,0,3,0,0,0,0,0,0,0,0,0,0,0,0,0,0,0,0,0,0,0,0,0,0,0,0,0,0,0,0,0,0,0,0,0,0,0,0,0,0,0,0,0,0,0,0,0,0,0,0,0,0,0,0,0,0,0,0,0,0,0,0,0,0,0,0,0,0,0,0,0,0,0,0,0,0,0,0,0,0,0,0
ILOC70901202,8,10,22,0,0,0,0,0,0,8,10,22,0,0,0,0,0,0,0,0,0,0,0,0,0,0,0,0,0,0,0,0,0,0,0,0,0,0,0,0,0,0,0,0,0,0,0,0,8,10,22,0,0,0,0,0,0,8,10,22,0,0,0,0,0,0,0,0,0,0,0,0,0,0,0,0,0,0,0,0,0,0,0,0,0,0,0,0,0,0,0,0,0,0,0,0,0,0,0,0,0,0,0,0,0,0,0,0,0,0,0,0,0,0,0,0,0,0,0,0,0,0,0,0,0,0,0,0,0,0,0,0,0,0,0,0,0,0,0,0,0,0,0,0,0,0,0,0,0,0,0,0,0,0,0,0,0,0,0,0,0,0,0,0,0,0,0,0,0,0,0,0,0,0,0,0,0,0,0,0,0,0,0,0,0,0,0,0,0,0,0,0,0,0,0,0,0,0,0,0
ILOC70901203,11,18,24,0,0,0,0,0,0,11,18,25,0,0,3,0,0,0,0,0,0,4,0,7,6,3,6,0,0,0,0,0,0,6,3,6,4,4,3,0,0,0,0,0,0,3,4,7,5,7,13,0,0,0,0,0,0,5,7,13,3,7,9,0,0,0,0,0,0,3,7,9,66.7,66.7,66.7,0,0,0,0,0,0,50,66.7,57.1,27.3,20,23.1,100,0,100,0,0,0,33.3,20,25.9,9.1,6.7,7.7,100,0,100,0,0,0,16.7,6.7,11.1,0,0,0,0,0,0,0,0,0,0,0,0,0,0,3,0,0,0,0,0,0,4,0,7,0,0,0,0,0,0,0,0,0,0,0,0,0,0,0,0,0,0,0,0,0,0,0,0,0,0,0,0,0,0,0,0,0,0,0,0,0,0,0,0,0,0,0,0,0,0,0,0,0,0,0,0,0,0,0,0,0,0,0,0,0,0,0,0,0,0,0,0
ILOC70901204,112,138,249,17,20,39,17,12,29,152,165,320,20,12,31,10,20,33,0,0,0,31,29,60,9,13,19,0,0,0,0,0,0,11,13,20,21,21,47,16,20,30,0,0,0,37,43,82,72,91,159,3,0,5,0,0,0,78,86,166,14,25,40,0,0,0,17,12,29,34,36,72,26.1,47.8,37,6.7,0,3,0,0,0,18.4,26.8,22.8,20.5,16.9,18.5,75,94.7,84.6,0,0,0,25.3,24.6,24.9,15.2,8.8,11.7,70,94.7,82.1,0,0,0,20.7,18,19.2,4,6,10,4,4,6,0,0,0,9,9,17,11,8,16,6,14,21,0,0,0,18,21,42,0,0,0,0,0,0,0,0,0,0,0,0,0,0,0,3,3,6,0,0,0,3,3,6,0,0,0,0,0,0,0,0,0,0,0,0,0,0,0,3,7,7,0,0,0,3,7,7,0,0,0,0,0,7,0,0,0,0,3,4,5,0,5,3,0,3,0,0
ILOC70901301,124,160,283,15,22,31,3,3,4,143,179,322,20,24,44,17,14,24,0,0,0,30,38,74,8,5,17,0,0,0,0,0,0,8,10,18,24,35,60,17,16,28,0,0,0,39,47,88,82,100,186,0,4,3,0,0,0,82,101,188,16,19,36,0,0,0,3,3,4,18,23,42,37,20.6,27.9,0,6.7,3.6,0,0,0,25,16.3,20.2,21.4,21.8,21.6,92.9,78.9,84.8,0,0,0,28.2,27.2,27.6,13.5,17.3,15.6,92.9,73.7,81.8,0,0,0,21.1,22.8,22,7,9,15,8,9,15,0,0,0,13,15,31,9,19,26,7,9,15,0,0,0,13,27,38,0,0,0,0,0,0,0,0,0,0,0,0,0,0,0,3,0,6,0,0,0,3,0,6,0,0,0,0,0,0,0,0,0,3,4,8,0,0,0,0,6,8,0,0,0,4,6,9,0,0,0,0,0,0,0,0,0,0,3,3,0,0,0,5,4,9,0,0
ILOC70901302,0,0,0,0,0,0,0,0,0,0,0,0,0,0,0,0,0,0,0,0,0,0,0,0,0,0,0,0,0,0,0,0,0,0,0,0,0,0,0,0,0,0,0,0,0,0,0,0,0,0,0,0,0,0,0,0,0,0,0,0,0,0,0,0,0,0,0,0,0,0,0,0,0,0,0,0,0,0,0,0,0,0,0,0,0,0,0,0,0,0,0,0,0,0,0,0,0,0,0,0,0,0,0,0,0,0,0,0,0,0,0,0,0,0,0,0,0,0,0,0,0,0,0,0,0,0,0,0,0,0,0,0,0,0,0,0,0,0,0,0,0,0,0,0,0,0,0,0,0,0,0,0,0,0,0,0,0,0,0,0,0,0,0,0,0,0,0,0,0,0,0,0,0,0,0,0,0,0,0,0,0,0,0,0,0,0,0,0,0,0,0,0,0,0,0,0,0,0,0,0
ILOC70901401,76,93,168,4,8,13,0,4,3,84,104,186,21,22,44,7,8,11,0,0,0,27,30,56,0,10,10,0,0,0,0,0,0,0,11,11,21,34,51,7,5,11,0,0,0,27,41,62,54,57,109,0,0,0,0,0,0,50,57,110,4,4,5,0,0,0,0,4,3,4,6,12,0,23.3,13.7,0,11.1,7.7,0,0,0,0,20.5,12.5,28,33,30.7,80,90,86.7,0,0,0,30.9,37.1,34.4,28,25.3,26.5,80,80,80,0,0,0,30.9,29.5,30.1,13,10,33,3,0,5,0,0,0,16,16,34,5,9,12,4,6,7,0,0,0,7,11,22,0,0,0,0,0,0,0,0,0,0,0,0,0,0,0,0,3,3,0,0,0,0,3,4,0,0,0,0,0,0,0,0,0,0,0,0,0,0,0,0,4,3,0,0,0,3,4,3,0,0,0,0,0,0,0,0,0,0,4,4,0,0,0,5,0,5,0,0
ILOC70901402,73,65,141,9,9,17,5,3,8,92,70,164,3,3,14,9,9,16,0,0,0,19,16,30,0,0,4,0,0,0,0,0,0,0,0,4,11,7,14,9,9,16,0,0,0,15,16,34,53,38,92,6,0,6,0,0,0,55,38,91,16,10,29,0,0,0,5,3,9,25,16,37,25,22.2,23.5,0,0,0,0,0,0,11.8,12.5,12.1,10.5,14.5,12.3,81.8,100,88.9,0,0,0,18.5,22.2,20.1,7.9,11.3,9.4,81.8,100,88.9,0,0,0,16.3,19.4,17.7,3,4,10,4,0,4,0,0,0,7,4,9,0,4,3,5,9,14,0,0,0,10,11,22,0,0,0,0,0,3,0,0,0,0,0,3,0,0,0,0,0,0,0,0,0,0,0,0,0,0,0,0,0,0,0,0,0,0,3,3,0,0,0,0,5,5,0,0,0,0,4,4,0,0,0,6,0,0,0,0,0,6,4,7,3,0,6,8,0,8,0,0
ILOC70901403,60,73,134,11,14,24,4,7,12,77,92,167,15,13,28,8,13,16,0,0,0,20,19,45,14,6,19,0,0,0,0,0,0,15,6,24,29,22,47,9,13,20,0,0,0,31,27,65,34,45,85,3,0,9,0,0,0,35,51,86,3,4,8,0,0,0,4,7,12,5,9,18,46.2,40,43.5,12.5,0,5.6,0,0,0,38.2,26.7,32.8,42.6,27.8,34.6,72.7,76.9,75,0,0,0,44.7,32.3,37.9,23,16.7,19.5,63.6,76.9,70.8,0,0,0,27.6,23.7,25.4,3,5,5,0,0,0,0,0,0,3,8,9,9,12,23,8,8,14,0,0,0,19,16,34,0,0,0,0,0,0,0,0,0,0,0,0,0,0,0,0,0,0,0,0,0,0,0,0,0,0,0,0,0,0,0,0,0,0,0,0,0,0,0,7,6,10,0,0,0,7,7,12,0,0,0,0,3,5,0,0,0,0,3,0,6,3,7,4,3,8,0,0
ILOC70901404,23,29,54,0,3,0,0,0,0,25,30,55,7,4,17,0,3,0,0,0,0,11,8,20,4,0,9,0,0,0,0,0,0,4,0,9,14,9,22,0,3,0,0,0,0,17,11,24,10,21,33,0,0,0,0,0,0,10,21,33,0,0,0,0,0,0,0,0,0,0,0,0,28.6,28.6,28.6,0,0,0,0,0,0,26.7,22.2,25,53.8,25,38.9,100,100,100,0,0,0,55.6,30,42.1,38.5,17.9,27.8,100,100,100,0,0,0,40.7,23.3,31.6,7,0,8,0,0,0,0,0,0,7,3,12,7,0,3,0,0,0,0,0,0,0,3,4,0,0,0,0,0,0,0,0,0,0,0,0,0,0,0,0,0,0,0,0,0,0,0,0,0,0,0,0,0,0,0,0,0,0,0,0,0,0,0,0,0,0,0,0,0,0,0,0,0,0,0,0,0,0,0,0,0,0,0,0,0,0,0,0,0,0,0,0
ILOC70901501,59,76,135,6,5,10,0,3,8,67,83,149,10,11,20,6,5,10,0,0,0,13,16,28,22,23,39,0,0,0,0,0,0,22,23,39,29,35,60,6,5,10,0,0,0,33,40,75,33,47,73,0,0,0,0,0,0,33,47,73,0,0,0,0,0,0,0,3,8,0,3,8,67.9,72.7,70.5,0,0,0,0,0,0,57.6,60,58.9,47.5,43.4,45.2,100,100,100,0,0,0,50.8,46,48,15.3,11.8,13.3,100,100,100,0,0,0,21.5,18.4,19.7,9,5,11,5,3,7,0,0,0,12,7,22,3,4,4,0,3,3,0,0,0,4,4,8,0,0,0,0,0,0,0,0,0,0,0,0,0,0,0,0,3,3,0,0,0,0,3,3,0,0,0,0,3,3,0,0,0,0,3,3,0,0,0,3,0,0,0,0,0,3,0,0,0,0,0,0,0,0,0,0,0,0,0,0,7,4,11,0,0,0,0,0
ILOC70901601,53,49,102,0,3,9,4,4,11,63,51,113,9,10,12,0,4,9,0,0,0,10,13,23,11,5,15,0,0,0,0,0,0,11,5,15,15,15,28,0,4,9,0,0,0,20,14,35,35,34,73,0,0,0,0,0,0,35,36,73,3,0,7,0,0,0,4,4,3,9,5,9,53.3,38.5,46.4,0,0,0,0,0,0,44.4,31.3,38.2,28.3,26.5,27.5,100,75,83.3,20,0,14.3,30,29.1,29.6,13.2,16.3,14.7,100,75,83.3,20,0,14.3,16.7,20,18.3,5,0,8,0,3,3,0,0,0,5,3,8,3,6,3,0,0,4,0,0,0,3,3,7,0,0,0,0,0,0,0,0,0,0,0,0,0,0,0,0,0,0,0,0,0,0,0,0,0,0,0,0,0,0,0,0,0,0,0,0,0,0,0,0,0,0,0,0,0,0,0,0,0,0,0,0,0,0,0,0,0,0,0,0,3,0,5,0,0,0,0,0
ILOC70901701,203,217,418,37,47,78,12,14,32,254,280,534,35,36,73,28,36,68,0,0,0,63,70,139,23,7,29,0,0,0,0,0,0,20,7,29,57,44,95,27,36,69,0,0,0,85,82,166,137,173,307,3,8,7,0,0,0,142,176,314,8,9,18,7,5,6,12,13,28,26,24,47,38.2,14.6,28.1,3.3,0,1.4,0,0,0,25.9,7.5,17,27.4,18.6,22.7,83.3,86.7,85.2,0,0,0,33.7,28.7,31.1,16.9,15.8,16.4,80.6,86.7,84,0,0,0,25,26.5,25.8,16,13,31,15,17,28,0,0,0,29,30,62,15,19,36,14,24,41,0,0,0,33,44,75,0,0,0,0,0,0,0,0,0,0,0,0,3,0,3,0,5,4,0,0,0,5,3,11,3,0,3,3,0,4,0,0,0,3,0,10,0,12,18,14,18,23,0,0,0,13,27,39,5,3,10,0,3,12,0,0,0,5,13,14,9,6,20,5,5,9,0,0
ILOC79499494,561,544,1104,719,661,1384,284,275,560,1567,1486,3052,27,21,51,214,236,443,4,0,6,242,259,500,21,21,44,43,43,90,0,0,0,70,58,127,52,45,96,262,270,528,4,0,6,312,320,633,214,224,437,425,378,800,8,3,14,645,605,1251,301,277,574,30,11,46,275,270,549,613,558,1174,46,45.5,45.7,18.1,14.3,16.2,0,0,0,22.5,18.6,20.5,8.9,8.1,8.5,36,41.2,38.5,0.7,0.4,0.5,19.8,21.5,20.6,4.8,4.4,4.6,29.4,35.3,32.2,0.7,0.4,0.5,15.4,17.5,16.4,6,7,13,25,47,71,0,0,0,28,55,83,18,11,23,186,187,367,0,0,0,200,195,393,0,0,0,19,19,39,0,0,0,19,19,39,3,0,3,33,50,79,0,0,0,32,50,84,0,0,0,20,39,56,0,0,0,20,34,60,6,4,7,86,162,248,0,0,0,91,166,259,6,3,5,65,84,145,0,0,0,63,85,157,12,5,22,212,87,302,0,0
ILOC79799797,10,0,9,53,8,62,18,0,24,83,11,94,7,0,7,48,3,50,0,0,0,56,3,56,0,0,0,0,0,0,0,0,0,4,0,4,10,0,10,47,3,52,0,0,0,58,3,63,0,0,0,6,0,6,0,0,0,6,4,8,0,0,0,4,0,4,20,0,19,19,0,21,12.5,0,12.5,2.2,0,2,0,0,0,3.6,0,3.3,88.9,0,80,83.6,62.5,81,9.5,0,8.7,65.9,45.5,63.5,77.8,0,70,81.8,62.5,79.4,9.5,0,8.7,63.5,45.5,61.5,0,0,0,0,0,0,0,0,0,0,0,0,7,0,7,48,3,52,0,0,0,53,3,57,0,0,0,0,0,0,0,0,0,0,0,0,0,0,0,0,0,0,0,0,0,0,0,0,0,0,0,0,0,0,0,0,0,0,0,0,0,0,0,6,0,7,0,0,0,6,0,7,0,0,0,0,0,0,0,0,0,6,0,6,0,0,0,14,6,18,0,0
